State_Name,District_Name,latitude,longitude,display_name,query_used,geo_type,address_type,status
Andaman and Nicobar Islands,NICOBARS,7.0000167,93.8110528,"Nicobar, Andaman and Nicobar Islands, India","Nicobar district, Andaman and Nicobar Islands, India",administrative,state_district,verified_admin
Andaman and Nicobar Islands,NORTH AND MIDDLE ANDAMAN,12.6112387,92.8316541,"North and Middle Andaman, Andaman and Nicobar Islands, India","North And Middle Andaman district, Andaman and Nicobar Islands, India",administrative,state_district,verified_admin
Andaman and Nicobar Islands,SOUTH ANDAMANS,10.7056905,92.4874679,"South Andaman, Andaman and Nicobar Islands, India","South Andaman district, Andaman and Nicobar Islands, India",administrative,state_district,verified_admin
Andhra Pradesh,ANANTAPUR,14.6537937,77.5559669,"Anantapur, Anantapuram, Andhra Pradesh, India","Anantapur, Andhra Pradesh, India",administrative,county,verified_admin
Andhra Pradesh,CHITTOOR,13.325036,79.6480611,"Chittoor, Andhra Pradesh, India","Chittoor district, Andhra Pradesh, India",administrative,state_district,verified_admin
Andhra Pradesh,EAST GODAVARI,16.9956639,81.7154378,"East Godavari, Andhra Pradesh, India","East Godavari district, Andhra Pradesh, India",administrative,state_district,verified_admin
Andhra Pradesh,GUNTUR,16.2853547,80.5686143,"Guntur, Andhra Pradesh, India","Guntur district, Andhra Pradesh, India",administrative,state_district,verified_admin
Andhra Pradesh,KADAPA,14.5395752,78.6582332,"YSR Kadapa, Andhra Pradesh, India","Kadapa district, Andhra Pradesh, India",administrative,state_district,verified_admin
Andhra Pradesh,KRISHNA,16.2135466,81.0277844,"Krishna, Andhra Pradesh, India","Krishna district, Andhra Pradesh, India",administrative,state_district,verified_admin
Andhra Pradesh,KURNOOL,15.5478804,77.554259,"Kurnool, Andhra Pradesh, India","Kurnool district, Andhra Pradesh, India",administrative,state_district,verified_admin
Andhra Pradesh,PRAKASAM,15.5641955,80.0066786,"Prakasam, Andhra Pradesh, India","Prakasam district, Andhra Pradesh, India",administrative,state_district,verified_admin
Andhra Pradesh,SPSR NELLORE,14.557001,79.7234781,"Sri Potti Sriramulu Nellore, Andhra Pradesh, India","Spsr Nellore district, Andhra Pradesh, India",administrative,state_district,verified_admin
Andhra Pradesh,SRIKAKULAM,18.622438,84.1443764,"Srikakulam, Andhra Pradesh, India","Srikakulam district, Andhra Pradesh, India",administrative,state_district,verified_admin
Andhra Pradesh,VISAKHAPATANAM,17.8053222,83.2827677,"Visakhapatnam, Andhra Pradesh, India","Visakhapatnam district, Andhra Pradesh, India",administrative,state_district,verified_admin
Andhra Pradesh,VIZIANAGARAM,18.2760018,83.4662692,"Vizianagaram, Andhra Pradesh, India","Vizianagaram district, Andhra Pradesh, India",administrative,state_district,verified_admin
Andhra Pradesh,WEST GODAVARI,16.6443029,81.5885247,"West Godavari, Andhra Pradesh, India","West Godavari district, Andhra Pradesh, India",administrative,state_district,verified_admin
Arunachal Pradesh,ANJAW,28.1553856,96.8407212,"Anjaw district, Arunachal Pradesh, India","Anjaw district, Arunachal Pradesh, India",administrative,state_district,verified_admin
Arunachal Pradesh,CHANGLANG,27.2698797,96.0602442,"Changlang, Arunachal Pradesh, India","Changlang district, Arunachal Pradesh, India",administrative,state_district,verified_admin
Arunachal Pradesh,DIBANG VALLEY,28.8291044,95.9554096,"Dibang Valley, Arunachal Pradesh, India","Dibang Valley district, Arunachal Pradesh, India",administrative,state_district,verified_admin
Arunachal Pradesh,EAST KAMENG,27.557781,93.0753012,"East Kameng, Arunachal Pradesh, 790102, India","East Kameng district, Arunachal Pradesh, India",administrative,state_district,verified_admin
Arunachal Pradesh,EAST SIANG,28.0742219,95.4178149,"East Siang, Arunachal Pradesh, 791104, India","East Siang district, Arunachal Pradesh, India",administrative,state_district,verified_admin
Arunachal Pradesh,KURUNG KUMEY,27.9863677,93.1578347,"Kurung Kumey, Arunachal Pradesh, 791118, India","Kurung Kumey district, Arunachal Pradesh, India",administrative,state_district,verified_admin
Arunachal Pradesh,LOHIT,28.0350162,96.1713515,"Lohit, Arunachal Pradesh, India","Lohit district, Arunachal Pradesh, India",administrative,state_district,verified_admin
Arunachal Pradesh,LONGDING,26.8794546,95.3155652,"Longding, Arunachal Pradesh, 792131, India","Longding district, Arunachal Pradesh, India",administrative,state_district,verified_admin
Arunachal Pradesh,LOWER DIBANG VALLEY,28.2149563,95.878774,"Lower Dibang Valley, Arunachal Pradesh, 792110, India","Lower Dibang Valley district, Arunachal Pradesh, India",administrative,state_district,verified_admin
Arunachal Pradesh,LOWER SUBANSIRI,27.6059753,93.8669707,"Lower Subansiri, Arunachal Pradesh, 791120, India","Lower Subansiri district, Arunachal Pradesh, India",administrative,state_district,verified_admin
Arunachal Pradesh,PAPUM PARE,27.2863667,93.6187716,"Papum Pare, Arunachal Pradesh, India","Papum Pare district, Arunachal Pradesh, India",administrative,state_district,verified_admin
Arunachal Pradesh,TAWANG,27.6689525,91.9860059,"Tawang district, Arunachal Pradesh, India","Tawang district, Arunachal Pradesh, India",administrative,state_district,verified_admin
Arunachal Pradesh,TIRAP,27.030169,95.4979175,"Tirap, Arunachal Pradesh, India","Tirap district, Arunachal Pradesh, India",administrative,state_district,verified_admin
Arunachal Pradesh,UPPER SIANG,28.7312046,95.0377315,"Upper Siang, Arunachal Pradesh, India","Upper Siang district, Arunachal Pradesh, India",administrative,state_district,verified_admin
Arunachal Pradesh,UPPER SUBANSIRI,28.2596054,94.0938106,"Upper Subansiri, Arunachal Pradesh, 791122, India","Upper Subansiri district, Arunachal Pradesh, India",administrative,state_district,verified_admin
Arunachal Pradesh,WEST KAMENG,27.2986936,92.4741211,"West Kameng, Arunachal Pradesh, India","West Kameng district, Arunachal Pradesh, India",administrative,state_district,verified_admin
Arunachal Pradesh,WEST SIANG,28.1970922,94.48407,"West Siang, Arunachal Pradesh, 791001, India","West Siang district, Arunachal Pradesh, India",administrative,state_district,verified_admin
Assam,BAKSA,26.6275689,91.3388551,"Baksa, Assam, India","Baksa district, Assam, India",administrative,state_district,verified_admin
Assam,BARPETA,26.345941,91.039708,"Barpeta, Assam, India","Barpeta district, Assam, India",administrative,state_district,verified_admin
Assam,BONGAIGAON,26.348883,90.6291434,"Bongaigaon, Assam, India","Bongaigaon district, Assam, India",administrative,state_district,verified_admin
Assam,CACHAR,24.75864,92.8816648,"Cachar, Assam, India","Cachar district, Assam, India",administrative,state_district,verified_admin
Assam,CHIRANG,26.6464231,90.624157,"Chirang, Assam, India","Chirang district, Assam, India",administrative,state_district,verified_admin
Assam,DARRANG,26.4373481,92.0047145,"Darrang, Assam, India","Darrang district, Assam, India",administrative,state_district,verified_admin
Assam,DHEMAJI,27.5945155,94.7192098,"Dhemaji, Assam, India","Dhemaji district, Assam, India",administrative,state_district,verified_admin
Assam,DHUBRI,26.132275,90.1249962,"Dhubri, Assam, India","Dhubri district, Assam, India",administrative,state_district,verified_admin
Assam,DIBRUGARH,27.400599,94.9950865,"Dibrugarh, Assam, India","Dibrugarh district, Assam, India",administrative,state_district,verified_admin
Assam,DIMA HASAO,25.4003625,93.0752292,"Dima Hasao, Assam, India","Dima Hasao district, Assam, India",administrative,state_district,verified_admin
Assam,GOALPARA,26.0491877,90.6001859,"Goalpara, Assam, India","Goalpara district, Assam, India",administrative,state_district,verified_admin
Assam,GOLAGHAT,26.3689557,94.0086553,"Golaghat, Assam, India","Golaghat district, Assam, India",administrative,state_district,verified_admin
Assam,HAILAKANDI,24.5076094,92.6267589,"Hailakandi district, Assam, India","Hailakandi district, Assam, India",administrative,state_district,verified_admin
Assam,JORHAT,26.6500766,94.2700644,"Jorhat, Assam, India","Jorhat district, Assam, India",administrative,state_district,verified_admin
Assam,KAMRUP,26.1468861,91.2227397,"Kamrup, Assam, India","Kamrup district, Assam, India",administrative,state_district,verified_admin
Assam,KAMRUP METRO,26.1352638,91.8616706,"Kamrup Metropolitan, Assam, India","Kamrup Metropolitan, Assam, India",administrative,state_district,verified_admin
Assam,KARBI ANGLONG,26.0712781,93.4552969,"Karbi Anglong, Assam, India","Karbi Anglong district, Assam, India",administrative,state_district,verified_admin
Assam,KARIMGANJ,24.5828196,92.3725487,"Karimganj, Assam, India","Karimganj district, Assam, India",administrative,state_district,verified_admin
Assam,KOKRAJHAR,26.4912104,90.1215209,"Kokrajhar, Assam, India","Kokrajhar district, Assam, India",administrative,state_district,verified_admin
Assam,LAKHIMPUR,27.1763356,94.1992932,"Lakhimpur, Assam, India","Lakhimpur district, Assam, India",administrative,state_district,verified_admin
Assam,MARIGAON,26.290712,92.2922184,"Marigaon, Assam, India","Marigaon district, Assam, India",administrative,state_district,verified_admin
Assam,NAGAON,26.3313646,92.7524763,"Nagaon, Assam, India","Nagaon district, Assam, India",administrative,state_district,verified_admin
Assam,NALBARI,26.3533632,91.3983662,"Nalbari, Assam, India","Nalbari district, Assam, India",administrative,state_district,verified_admin
Assam,SIVASAGAR,26.993972,94.6203887,"Sivasagar, Assam, India","Sivasagar district, Assam, India",administrative,state_district,verified_admin
Assam,SONITPUR,26.7677707,92.7014089,"Sonitpur, Assam, India","Sonitpur district, Assam, India",administrative,state_district,verified_admin
Assam,TINSUKIA,27.5971709,95.5668529,"Tinsukia, Assam, India","Tinsukia district, Assam, India",administrative,state_district,verified_admin
Assam,UDALGURI,26.7047238,92.0421507,"Udalguri, Assam, India","Udalguri district, Assam, India",administrative,state_district,verified_admin
Bihar,ARARIA,26.2651013,87.3699437,"Araria District, Bihar, India","Araria district, Bihar, India",administrative,state_district,verified_admin
Bihar,ARWAL,25.1812832,84.6596648,"Arwal, Bihar, India","Arwal district, Bihar, India",administrative,state_district,verified_admin
Bihar,AURANGABAD,24.8033201,84.4110198,"Aurangabad, Bihar, India","Aurangabad district, Bihar, India",administrative,state_district,verified_admin
Bihar,BANKA,24.8328273,86.8161114,"Banka, Bihar, India","Banka district, Bihar, India",administrative,state_district,verified_admin
Bihar,BEGUSARAI,25.5125411,86.0883392,"Begusarai, Bihar, India","Begusarai district, Bihar, India",administrative,state_district,verified_admin
Bihar,BHAGALPUR,25.2861354,87.1304229,"Bhagalpur, Bihar, India","Bhagalpur district, Bihar, India",administrative,state_district,verified_admin
Bihar,BHOJPUR,25.4501182,84.5635193,"Bhojpur, Bihar, India","Bhojpur district, Bihar, India",administrative,state_district,verified_admin
Bihar,BUXAR,25.5044834,84.1097525,"Buxar, Bihar, India","Buxar district, Bihar, India",administrative,state_district,verified_admin
Bihar,DARBHANGA,26.0829899,86.0324951,"Darbhanga, Bihar, India","Darbhanga district, Bihar, India",administrative,state_district,verified_admin
Bihar,GAYA,24.679389,85.0115833,"Gaya, Bihar, India","Gaya district, Bihar, India",administrative,state_district,verified_admin
Bihar,GOPALGANJ,26.4211166,84.3739133,"Gopalganj, Bihar, India","Gopalganj district, Bihar, India",administrative,state_district,verified_admin
Bihar,JAMUI,24.7562514,86.3011128,"Jamui, Bihar, India","Jamui district, Bihar, India",administrative,state_district,verified_admin
Bihar,JEHANABAD,25.1529579,85.0065043,"Jehanabad, Bihar, India","Jehanabad district, Bihar, India",administrative,state_district,verified_admin
Bihar,KAIMUR (BHABUA),24.975466,83.5768379,"Kaimur, Bihar, India","Kaimur district, Bihar, India",administrative,state_district,verified_admin
Bihar,KATIHAR,25.5586421,87.6457196,"Katihar, Bihar, India","Katihar district, Bihar, India",administrative,state_district,verified_admin
Bihar,KHAGARIA,25.4930513,86.6982264,"Khagaria, Bihar, India","Khagaria district, Bihar, India",administrative,state_district,verified_admin
Bihar,KISHANGANJ,26.2984144,87.9466715,"Kishanganj, Bihar, India","Kishanganj district, Bihar, India",administrative,state_district,verified_admin
Bihar,LAKHISARAI,25.1543938,86.1744959,"Lakhisarai, Bihar, India","Lakhisarai district, Bihar, India",administrative,state_district,verified_admin
Bihar,MADHEPURA,25.7806118,86.9364753,"Madhepura, Bihar, India","Madhepura district, Bihar, India",administrative,state_district,verified_admin
Bihar,MADHUBANI,26.3503076,86.2296424,"Madhubani, Bihar, India","Madhubani district, Bihar, India",administrative,state_district,verified_admin
Bihar,MUNGER,25.2202864,86.5161484,"Munger, Bihar, India","Munger district, Bihar, India",administrative,state_district,verified_admin
Bihar,MUZAFFARPUR,26.1482548,85.3316097,"Muzaffarpur, Bihar, India","Muzaffarpur district, Bihar, India",administrative,state_district,verified_admin
Bihar,NALANDA,25.211599,85.4484611,"Nalanda, Bihar, India","Nalanda district, Bihar, India",administrative,state_district,verified_admin
Bihar,NAWADA,24.8173249,85.5179085,"Nawada, Bihar, India","Nawada district, Bihar, India",administrative,state_district,verified_admin
Bihar,PASHCHIM CHAMPARAN,27.0,84.5,"Pashchim Champāran, West Champaran, Bihar, India","Pashchim Champaran district, Bihar, India",county,county,verified_admin
Bihar,PATNA,25.4680538,85.1952852,"Patna, Bihar, India","Patna district, Bihar, India",administrative,state_district,verified_admin
Bihar,PURBI CHAMPARAN,26.6393261,84.8990136,"East Champaran, Bihar, India","East Champaran district, Bihar, India",administrative,state_district,verified_admin
Bihar,PURNIA,25.7758723,87.4087667,"Purnia, Bihar, India","Purnia district, Bihar, India",administrative,state_district,verified_admin
Bihar,ROHTAS,24.9394143,84.0197031,"Rohtas, Bihar, India","Rohtas district, Bihar, India",administrative,state_district,verified_admin
Bihar,SAHARSA,25.8330757,86.6143751,"Saharsa, Bihar, India","Saharsa district, Bihar, India",administrative,state_district,verified_admin
Bihar,SAMASTIPUR,25.7747885,85.8672314,"Samastipur, Bihar, India","Samastipur district, Bihar, India",administrative,state_district,verified_admin
Bihar,SARAN,25.9214451,84.7759731,"Saran, Bihar, India","Saran district, Bihar, India",administrative,state_district,verified_admin
Bihar,SHEIKHPURA,25.1250741,85.8160771,"Sheikhpura, Bihar, India","Sheikhpura district, Bihar, India",administrative,state_district,verified_admin
Bihar,SHEOHAR,26.4934234,85.2717561,"Sheohar, Bihar, 843329, India","Sheohar district, Bihar, India",administrative,state_district,verified_admin
Bihar,SITAMARHI,26.5712894,85.6001549,"Sitamarhi, Bihar, India","Sitamarhi district, Bihar, India",administrative,state_district,verified_admin
Bihar,SIWAN,26.131008,84.3910745,"Siwan, Bihar, India","Siwan district, Bihar, India",administrative,state_district,verified_admin
Bihar,SUPAUL,26.2768089,86.7959614,"Supaul, Bihar, India","Supaul district, Bihar, India",administrative,state_district,verified_admin
Bihar,VAISHALI,25.7491703,85.3972164,"Vaishali, Bihar, India","Vaishali district, Bihar, India",administrative,state_district,verified_admin
Chandigarh,CHANDIGARH,30.729844,76.7841457,"Chandigarh, India","Chandigarh district, Chandigarh, India",administrative,state_district,verified_admin
Chhattisgarh,BALOD,20.7277192,81.1446948,"Balod, Chhattisgarh, India","Balod district, Chhattisgarh, India",administrative,state_district,verified_admin
Chhattisgarh,BALODA BAZAR,21.5731848,82.2994821,"Baloda Bazar, Chhattisgarh, India","Baloda Bazar district, Chhattisgarh, India",administrative,state_district,verified_admin
Chhattisgarh,BALRAMPUR,23.6282576,83.4810916,"Balrampur, Chhattisgarh, India","Balrampur district, Chhattisgarh, India",administrative,state_district,verified_admin
Chhattisgarh,BASTAR,19.1191283,81.8291865,"Bastar, Chhattisgarh, India","Bastar district, Chhattisgarh, India",administrative,state_district,verified_admin
Chhattisgarh,BEMETARA,21.6783867,81.4412578,"Bemetara, Chhattisgarh, India","Bemetara district, Chhattisgarh, India",administrative,state_district,verified_admin
Chhattisgarh,BIJAPUR,18.7935679,80.815939,"Bijapur, Chhattisgarh, India","Bijapur district, Chhattisgarh, India",administrative,town,verified_admin
Chhattisgarh,BILASPUR,22.1638486,82.1365923,"Bilaspur, Chhattisgarh, India","Bilaspur district, Chhattisgarh, India",administrative,state_district,verified_admin
Chhattisgarh,DANTEWADA,18.8640648,81.3833947,"Dantewada, Chhattisgarh, India","Dantewada district, Chhattisgarh, India",administrative,state_district,verified_admin
Chhattisgarh,DHAMTARI,20.5326259,81.7155987,"Dhamtari, Chhattisgarh, India","Dhamtari district, Chhattisgarh, India",administrative,state_district,verified_admin
Chhattisgarh,DURG,21.1982964,81.4007922,"Durg, Chhattisgarh, India","Durg district, Chhattisgarh, India",administrative,state_district,verified_admin
Chhattisgarh,GARIYABAND,20.5267561,82.1917217,"Bindranavagarh(Gariyaband) Tahsil, Gariaband, Chhattisgarh, India","Gariyaband district, Chhattisgarh, India",administrative,county,verified_admin
Chhattisgarh,JANJGIR-CHAMPA,21.986403,82.5536606,"Janjgir-Champa, Chhattisgarh, India","Janjgir-Champa district, Chhattisgarh, India",administrative,state_district,verified_admin
Chhattisgarh,JASHPUR,22.770251,83.9708013,"Jashpur, Chhattisgarh, India","Jashpur district, Chhattisgarh, India",administrative,state_district,verified_admin
Chhattisgarh,KABIRDHAM,22.1150085,81.2446944,"Kabirdham, Chhattisgarh, India","Kabirdham district, Chhattisgarh, India",administrative,state_district,verified_admin
Chhattisgarh,KANKER,20.1286893,80.98453,"Uttar Bastar Kanker, Chhattisgarh, India","Kanker, Chhattisgarh, India",administrative,state_district,verified_admin
Chhattisgarh,KONDAGAON,19.5885769,81.6628742,"Kondagaon, Chhattisgarh, India","Kondagaon district, Chhattisgarh, India",administrative,town,verified_admin
Chhattisgarh,KORBA,22.5198217,82.6350029,"Korba, Chhattisgarh, India","Korba district, Chhattisgarh, India",administrative,state_district,verified_admin
Chhattisgarh,KOREA,23.476254,82.4776374,"Koriya, Chhattisgarh, India","Koriya district, Chhattisgarh, India",administrative,state_district,verified_admin
Chhattisgarh,MAHASAMUND,21.1922846,82.4890263,"Mahasamund, Chhattisgarh, India","Mahasamund district, Chhattisgarh, India",administrative,state_district,verified_admin
Chhattisgarh,MUNGELI,22.0661098,81.6874282,"Mungeli, Chhattisgarh, India","Mungeli district, Chhattisgarh, India",administrative,town,verified_admin
Chhattisgarh,NARAYANPUR,19.5842032,81.1136986,"Narayanpur, Chhattisgarh, 494661, India","Narayanpur district, Chhattisgarh, India",administrative,state_district,verified_admin
Chhattisgarh,RAIGARH,22.2361795,83.3529534,"Raigarh, Chhattisgarh, India","Raigarh district, Chhattisgarh, India",administrative,state_district,verified_admin
Chhattisgarh,RAIPUR,21.2809089,81.8164073,"Raipur, Chhattisgarh, India","Raipur district, Chhattisgarh, India",administrative,state_district,verified_admin
Chhattisgarh,RAJNANDGAON,21.0684425,80.7970779,"Rajnandgaon, Chhattisgarh, India","Rajnandgaon district, Chhattisgarh, India",administrative,state_district,verified_admin
Chhattisgarh,SUKMA,18.2665423,81.2925234,"Sukma, Chhattisgarh, India","Sukma district, Chhattisgarh, India",administrative,state_district,verified_admin
Chhattisgarh,SURAJPUR,23.3577769,82.9761277,"Surajpur, Chhattisgarh, India","Surajpur district, Chhattisgarh, India",administrative,state_district,verified_admin
Chhattisgarh,SURGUJA,22.9470108,83.1656868,"Surguja, Chhattisgarh, India","Surguja district, Chhattisgarh, India",administrative,state_district,verified_admin
Dadra and Nagar Haveli,DADRA AND NAGAR HAVELI,20.20375,73.065833,"DADRA AND NAGAR HAVELI, Dadra and Nagar Haveli, India",manual_verified_source,,,manual_verified
Goa,NORTH GOA,15.6038925,73.9967006,"North Goa, Goa, India","North Goa district, Goa, India",administrative,state_district,verified_admin
Goa,SOUTH GOA,15.3376121,73.9937035,"South Goa, Goa, India","South Goa district, Goa, India",administrative,state_district,verified_admin
Gujarat,AHMADABAD,23.416667,72.916667,"Ahmadābād, Sabarkantha, Gujarat, India","Ahmadabad district, Gujarat, India",county,county,verified_admin
Gujarat,AMRELI,21.4176122,71.249609,"Amreli, Gujarat, India","Amreli district, Gujarat, India",administrative,state_district,verified_admin
Gujarat,ANAND,22.4739858,72.7361779,"Anand, Gujarat, India","Anand district, Gujarat, India",administrative,state_district,verified_admin
Gujarat,BHARUCH,21.8357373,72.8820876,"Bharuch, Gujarat, India","Bharuch district, Gujarat, India",administrative,state_district,verified_admin
Gujarat,BHAVNAGAR,21.5656705,71.9077622,"Bhavnagar, Gujarat, India","Bhavnagar district, Gujarat, India",administrative,state_district,verified_admin
Gujarat,DANG,20.7881718,73.7092033,"Dang, Gujarat, India","Dang district, Gujarat, India",administrative,state_district,verified_admin
Gujarat,DOHAD,22.9194099,74.1342725,"Dahod, Gujarat, India","Dahod district, Gujarat, India",administrative,state_district,verified_admin
Gujarat,GANDHINAGAR,23.2819525,72.6536309,"Gandhinagar, Gujarat, India","Gandhinagar district, Gujarat, India",administrative,state_district,verified_admin
Gujarat,JUNAGADH,21.3364779,70.4250428,"Junagadh, Gujarat, India","Junagadh district, Gujarat, India",administrative,state_district,verified_admin
Gujarat,KHEDA,22.8532503,72.9953586,"Kheda, Gujarat, India","Kheda district, Gujarat, India",administrative,state_district,verified_admin
Gujarat,MAHESANA,23.5705467,72.4568752,"Mahesana, Gujarat, India","Mahesana district, Gujarat, India",administrative,state_district,verified_admin
Gujarat,NARMADA,21.7392624,73.6262458,"Narmada, Gujarat, India","Narmada district, Gujarat, India",administrative,state_district,verified_admin
Gujarat,NAVSARI,20.829714,73.0332342,"Navsari, Gujarat, India","Navsari district, Gujarat, India",administrative,state_district,verified_admin
Gujarat,PANCH MAHALS,23.0,74.0,"Pānch Mahāls, Dahod, Gujarat, 389175, India","Panch Mahals district, Gujarat, India",county,county,verified_admin
Gujarat,SABAR KANTHA,23.5,73.25,"Sabar Kāntha, Aravalli, Gujarat, 383315, India","Sabar Kantha district, Gujarat, India",county,county,verified_admin
Gujarat,SURAT,21.1923647,72.9551023,"Surat, Gujarat, India","Surat district, Gujarat, India",administrative,state_district,verified_admin
Gujarat,SURENDRANAGAR,22.8251395,71.6209736,"Surendranagar, Gujarat, India","Surendranagar district, Gujarat, India",administrative,state_district,verified_admin
Gujarat,TAPI,21.1916567,73.5560631,"Tapi, Gujarat, India","Tapi district, Gujarat, India",administrative,state_district,verified_admin
Gujarat,VADODARA,22.3179455,73.3048674,"Vadodara, Gujarat, India","Vadodara district, Gujarat, India",administrative,state_district,verified_admin
Gujarat,VALSAD,20.4321957,73.1409893,"Valsad, Gujarat, India","Valsad district, Gujarat, India",administrative,state_district,verified_admin
Haryana,AMBALA,30.3435002,76.9493554,"Ambala, Haryana, India","Ambala district, Haryana, India",administrative,state_district,verified_admin
Haryana,BHIWANI,28.7328101,75.8928296,"Bhiwani, Haryana, India","Bhiwani district, Haryana, India",administrative,state_district,verified_admin
Haryana,FARIDABAD,28.3568524,77.3264937,"Faridabad, Haryana, India","Faridabad district, Haryana, India",administrative,state_district,verified_admin
Haryana,FATEHABAD,29.5359209,75.5752901,"Fatehabad, Haryana, India","Fatehabad district, Haryana, India",administrative,state_district,verified_admin
Haryana,GURGAON,28.4646148,77.0299194,"Gurugram, Haryana, India","Gurgaon, Haryana, India",administrative,city,verified_admin
Haryana,HISAR,29.2396596,75.8174505,"Hisar, Haryana, India","Hisar district, Haryana, India",administrative,state_district,verified_admin
Haryana,JHAJJAR,28.5964461,76.6505366,"Jhajjar, Haryana, India","Jhajjar district, Haryana, India",administrative,state_district,verified_admin
Haryana,JIND,29.4494987,76.3736217,"Jind, Haryana, India","Jind district, Haryana, India",administrative,state_district,verified_admin
Haryana,KAITHAL,29.8536764,76.4684323,"Kaithal, Haryana, India","Kaithal district, Haryana, India",administrative,state_district,verified_admin
Haryana,KARNAL,29.7255766,76.9106924,"Karnal, Haryana, India","Karnal district, Haryana, India",administrative,state_district,verified_admin
Haryana,KURUKSHETRA,30.0606702,76.7631053,"Kurukshetra, Haryana, India","Kurukshetra district, Haryana, India",administrative,state_district,verified_admin
Haryana,MEWAT,27.9935177,77.0419634,"Nuh, Haryana, India","Mewat, Haryana, India",administrative,state_district,verified_admin
Haryana,PALWAL,28.0599426,77.3223422,"Palwal, Haryana, India","Palwal district, Haryana, India",administrative,state_district,verified_admin
Haryana,PANCHKULA,30.689535,76.9947922,"Panchkula, Haryana, India","Panchkula district, Haryana, India",administrative,state_district,verified_admin
Haryana,PANIPAT,29.3472909,76.8871622,"Panipat, Haryana, India","Panipat district, Haryana, India",administrative,state_district,verified_admin
Haryana,REWARI,28.2180521,76.5816859,"Rewari, Haryana, India","Rewari district, Haryana, India",administrative,state_district,verified_admin
Haryana,ROHTAK,28.8900602,76.5873106,"Rohtak, Haryana, India","Rohtak district, Haryana, India",administrative,state_district,verified_admin
Haryana,SIRSA,29.6063041,74.9036568,"Sirsa, Haryana, India","Sirsa district, Haryana, India",administrative,state_district,verified_admin
Haryana,SONIPAT,29.0414186,76.922715,"Sonipat, Haryana, India","Sonipat district, Haryana, India",administrative,state_district,verified_admin
Haryana,YAMUNANAGAR,30.2158611,77.3256507,"Yamunanagar, Haryana, India","Yamunanagar district, Haryana, India",administrative,state_district,verified_admin
Himachal Pradesh,BILASPUR,31.3380959,76.7611631,"Bilaspur, Himachal Pradesh, India","Bilaspur district, Himachal Pradesh, India",administrative,town,verified_admin
Himachal Pradesh,CHAMBA,32.6923316,76.1631552,"Chamba, Himachal Pradesh, India","Chamba district, Himachal Pradesh, India",administrative,state_district,verified_admin
Himachal Pradesh,HAMIRPUR,31.6539866,76.5403633,"Hamirpur, Himachal Pradesh, India","Hamirpur district, Himachal Pradesh, India",administrative,state_district,verified_admin
Himachal Pradesh,KANGRA,32.0768665,76.2985872,"Kangra, Himachal Pradesh, India","Kangra district, Himachal Pradesh, India",administrative,state_district,verified_admin
Himachal Pradesh,KINNAUR,31.593013,78.3281417,"Kinnaur, Himachal Pradesh, India","Kinnaur district, Himachal Pradesh, India",administrative,state_district,verified_admin
Himachal Pradesh,KULLU,31.8778325,77.4495659,"Kullu, Himachal Pradesh, India","Kullu district, Himachal Pradesh, India",administrative,state_district,verified_admin
Himachal Pradesh,MANDI,31.6516617,77.0092542,"Mandi, Himachal Pradesh, India","Mandi district, Himachal Pradesh, India",administrative,state_district,verified_admin
Himachal Pradesh,SHIMLA,31.2387672,77.7185684,"Shimla, Himachal Pradesh, India","Shimla district, Himachal Pradesh, India",administrative,state_district,verified_admin
Himachal Pradesh,SIRMAUR,30.6991321,77.4465304,"Sirmaur, Himachal Pradesh, India","Sirmaur district, Himachal Pradesh, India",administrative,state_district,verified_admin
Himachal Pradesh,SOLAN,31.0568119,76.850301,"Solan, Himachal Pradesh, India","Solan district, Himachal Pradesh, India",administrative,state_district,verified_admin
Himachal Pradesh,UNA,31.5834642,76.2351452,"Una, Himachal Pradesh, India","Una district, Himachal Pradesh, India",administrative,state_district,verified_admin
Jammu and Kashmir,ANANTNAG,33.8096849,75.2494527,"Anantnag, Jammu and Kashmir, India","Anantnag district, Jammu and Kashmir, India",administrative,state_district,verified_admin
Jammu and Kashmir,BADGAM,34.0366398,74.7225429,"Badgam tehsil, Budgam, Jammu and Kashmir, India","Badgam, Jammu and Kashmir, India",administrative,county,verified_admin
Jammu and Kashmir,BANDIPORA,34.4975027,74.6999509,"Bandipora, Bandipore, Jammu and Kashmir, 193502, India","Bandipora, Jammu and Kashmir, India",administrative,county,verified_admin
Jammu and Kashmir,BARAMULLA,34.1774032,74.3150048,"Baramulla, Jammu and Kashmir, India","Baramulla district, Jammu and Kashmir, India",administrative,state_district,verified_admin
Jammu and Kashmir,DODA,33.1341373,75.587915,"Doda, Jammu and Kashmir, India","Doda district, Jammu and Kashmir, India",administrative,state_district,verified_admin
Jammu and Kashmir,GANDERBAL,34.2889322,75.0407983,"Ganderbal, Jammu and Kashmir, India","Ganderbal district, Jammu and Kashmir, India",administrative,state_district,verified_admin
Jammu and Kashmir,JAMMU,32.7681864,74.9211318,"Jammu district, Jammu and Kashmir, India","Jammu district, Jammu and Kashmir, India",administrative,state_district,verified_admin
Jammu and Kashmir,KATHUA,32.5825837,75.6104797,"Kathua district, Jammu and Kashmir, India","Kathua district, Jammu and Kashmir, India",administrative,state_district,verified_admin
Jammu and Kashmir,KISHTWAR,33.61562,75.8793972,"Kishtwar, Jammu and Kashmir, India","Kishtwar district, Jammu and Kashmir, India",administrative,state_district,verified_admin
Jammu and Kashmir,KULGAM,33.6250187,74.6949458,"Kulgam, Jammu and Kashmir, India","Kulgam district, Jammu and Kashmir, India",administrative,state_district,verified_admin
Jammu and Kashmir,KUPWARA,34.5140696,74.191367,"Kupwara, Jammu and Kashmir, India","Kupwara district, Jammu and Kashmir, India",administrative,state_district,verified_admin
Jammu and Kashmir,POONCH,33.702939,74.2499015,"Poonch, Jammu and Kashmir, India","Poonch district, Jammu and Kashmir, India",administrative,state_district,verified_admin
Jammu and Kashmir,PULWAMA,33.9490472,75.0418335,"Pulwama, Jammu and Kashmir, India","Pulwama district, Jammu and Kashmir, India",administrative,state_district,verified_admin
Jammu and Kashmir,RAJAURI,33.25,74.25,"Rājauri, Rajouri, Jammu and Kashmir, India","Rajauri district, Jammu and Kashmir, India",county,county,verified_admin
Jammu and Kashmir,RAMBAN,33.3332892,75.1984763,"Ramban district, Jammu and Kashmir, India","Ramban district, Jammu and Kashmir, India",administrative,state_district,verified_admin
Jammu and Kashmir,REASI,33.2059909,74.8626794,"Reasi district, Jammu and Kashmir, India","Reasi district, Jammu and Kashmir, India",administrative,state_district,verified_admin
Jammu and Kashmir,SAMBA,32.5759118,75.1203446,"Samba district, Jammu and Kashmir, India","Samba district, Jammu and Kashmir, India",administrative,state_district,verified_admin
Jammu and Kashmir,SHOPIAN,33.7207837,74.7714244,"Shopian, Jammu and Kashmir, India","Shopian district, Jammu and Kashmir, India",administrative,state_district,verified_admin
Jammu and Kashmir,SRINAGAR,34.1178785,74.9659189,"Srinagar, Jammu and Kashmir, India","Srinagar district, Jammu and Kashmir, India",administrative,state_district,verified_admin
Jammu and Kashmir,UDHAMPUR,32.911964,75.3265845,"Udhampur district, Jammu and Kashmir, India","Udhampur district, Jammu and Kashmir, India",administrative,state_district,verified_admin
Jharkhand,BOKARO,23.6991279,85.9910689,"Bokaro, Jharkhand, India","Bokaro district, Jharkhand, India",administrative,state_district,verified_admin
Jharkhand,CHATRA,24.1062316,84.8623379,"Chatra, Jharkhand, India","Chatra district, Jharkhand, India",administrative,state_district,verified_admin
Jharkhand,DEOGHAR,24.3284257,86.7182506,"Deoghar, Jharkhand, India","Deoghar district, Jharkhand, India",administrative,state_district,verified_admin
Jharkhand,DHANBAD,23.8451969,86.4636588,"Dhanbad, Jharkhand, India","Dhanbad district, Jharkhand, India",administrative,state_district,verified_admin
Jharkhand,DUMKA,24.3159312,87.2720833,"Dumka, Jharkhand, India","Dumka district, Jharkhand, India",administrative,state_district,verified_admin
Jharkhand,EAST SINGHBUM,22.613184,86.3819399,"East Singhbhum, Jharkhand, India","East Singhbhum district, Jharkhand, India",administrative,state_district,verified_admin
Jharkhand,GARHWA,24.053577,83.6526818,"Garhwa, Jharkhand, India","Garhwa district, Jharkhand, India",administrative,state_district,verified_admin
Jharkhand,GIRIDIH,24.3314546,86.1548117,"Giridih, Jharkhand, India","Giridih district, Jharkhand, India",administrative,state_district,verified_admin
Jharkhand,GODDA,24.8645886,87.2984838,"Godda, Jharkhand, India","Godda district, Jharkhand, India",administrative,state_district,verified_admin
Jharkhand,GUMLA,23.1603759,84.4599565,"Gumla, Jharkhand, India","Gumla district, Jharkhand, India",administrative,state_district,verified_admin
Jharkhand,HAZARIBAGH,24.0866962,85.4912231,"Hazaribagh, Jharkhand, India","Hazaribagh district, Jharkhand, India",administrative,state_district,verified_admin
Jharkhand,JAMTARA,23.9801639,86.9243637,"Jamtara, Jharkhand, India","Jamtara district, Jharkhand, India",administrative,state_district,verified_admin
Jharkhand,KODERMA,24.4931239,85.5560811,"Koderma, Kodarma, Jharkhand, India","Koderma district, Jharkhand, India",administrative,county,verified_admin
Jharkhand,LATEHAR,23.6880057,84.4969551,"Latehar, Jharkhand, India","Latehar district, Jharkhand, India",administrative,state_district,verified_admin
Jharkhand,LOHARDAGA,23.4770044,84.6986684,"Lohardaga, Jharkhand, India","Lohardaga district, Jharkhand, India",administrative,state_district,verified_admin
Jharkhand,PAKUR,24.5325908,87.593232,"Pakur, Jharkhand, India","Pakur district, Jharkhand, India",administrative,state_district,verified_admin
Jharkhand,PALAMU,24.2212983,84.1725565,"Palamu, Jharkhand, India","Palamu district, Jharkhand, India",administrative,state_district,verified_admin
Jharkhand,RANCHI,23.3007039,85.3738838,"Ranchi, Jharkhand, India","Ranchi district, Jharkhand, India",administrative,state_district,verified_admin
Jharkhand,SAHEBGANJ,25.0320437,87.691764,"Sahibganj, Jharkhand, India","Sahebganj district, Jharkhand, India",administrative,state_district,verified_admin
Jharkhand,SARAIKELA KHARSAWAN,22.7464225,85.9168929,"Saraikela, Seraikela-Kharsawan, Jharkhand, 833219, India","Saraikela Kharsawan district, Jharkhand, India",administrative,county,verified_admin
Jharkhand,SIMDEGA,22.5904573,84.5464805,"Simdega, Jharkhand, India","Simdega district, Jharkhand, India",administrative,state_district,verified_admin
Jharkhand,WEST SINGHBHUM,22.4282857,85.5317483,"West Singhbhum, Jharkhand, India","West Singhbhum district, Jharkhand, India",administrative,state_district,verified_admin
Karnataka,BAGALKOT,16.2903648,75.5915819,"Bagalkote, Karnataka, India","Bagalkote district, Karnataka, India",administrative,state_district,verified_admin
Karnataka,BANGALORE RURAL,13.0010872,77.3361225,"Bangalore Rural, Bengaluru North, Karnataka, 562130, India","Bangalore Rural district, Karnataka, India",county,county,verified_admin
Karnataka,BELGAUM,16.1587846,74.888862,"Belagavi, Karnataka, India","Belagavi district, Karnataka, India",administrative,state_district,verified_admin
Karnataka,BELLARY,15.3483166,76.8054883,"Ballari, Karnataka, India","Ballari district, Karnataka, India",administrative,state_district,verified_admin
Karnataka,BENGALURU URBAN,12.9461554,77.5503844,"Bengaluru Urban, Karnataka, India","Bengaluru Urban district, Karnataka, India",administrative,state_district,verified_admin
Karnataka,BIDAR,18.0207297,77.2487204,"Bidar, Karnataka, India","Bidar district, Karnataka, India",administrative,state_district,verified_admin
Karnataka,BIJAPUR,16.814415,75.8933856,"Vijayapura, Karnataka, India","Bijapur district, Karnataka, India",administrative,state_district,verified_admin
Karnataka,CHAMARAJANAGAR,11.9544201,77.1069086,"Chamarajanagar, Karnataka, India","Chamarajanagar district, Karnataka, India",administrative,state_district,verified_admin
Karnataka,CHIKBALLAPUR,13.5897941,77.778793,"Chikkaballapura, Karnataka, India","Chikkaballapura district, Karnataka, India",administrative,state_district,verified_admin
Karnataka,CHIKMAGALUR,13.4058699,75.638758,"Chikkamagaluru, Karnataka, India","Chikkamagaluru district, Karnataka, India",administrative,state_district,verified_admin
Karnataka,CHITRADURGA,14.3049174,76.5296667,"Chitradurga, Karnataka, India","Chitradurga district, Karnataka, India",administrative,state_district,verified_admin
Karnataka,DAKSHIN KANNAD,12.8226434,75.2265036,"Dakshina Kannada, Karnataka, India","Dakshina Kannada district, Karnataka, India",administrative,state_district,verified_admin
Karnataka,DAVANGERE,14.2558835,75.8303421,"Davanagere, Karnataka, India","Davanagere district, Karnataka, India",administrative,state_district,verified_admin
Karnataka,DHARWAD,15.3707296,75.1332867,"Dharwad, Karnataka, India","Dharwad district, Karnataka, India",administrative,state_district,verified_admin
Karnataka,GADAG,15.416692,75.6815801,"Gadag, Karnataka, India","Gadag district, Karnataka, India",administrative,state_district,verified_admin
Karnataka,GULBARGA,17.166667,77.083333,"Kalaburagi, Karnataka, India","Gulbarga district, Karnataka, India",county,county,verified_admin
Karnataka,HASSAN,13.0301852,76.1744968,"Hassan, Karnataka, India","Hassan district, Karnataka, India",administrative,state_district,verified_admin
Karnataka,HAVERI,14.7180268,75.3656423,"Haveri, Karnataka, India","Haveri district, Karnataka, India",administrative,state_district,verified_admin
Karnataka,KODAGU,12.3827332,75.6640715,"Kodagu, Karnataka, India","Kodagu district, Karnataka, India",administrative,state_district,verified_admin
Karnataka,KOLAR,13.1805066,78.2669329,"Kolar, Karnataka, India","Kolar district, Karnataka, India",administrative,state_district,verified_admin
Karnataka,KOPPAL,15.5748238,76.3118494,"Koppal, Karnataka, India","Koppal district, Karnataka, India",administrative,state_district,verified_admin
Karnataka,MANDYA,12.6368939,76.7275477,"Mandya, Karnataka, India","Mandya district, Karnataka, India",administrative,state_district,verified_admin
Karnataka,MYSORE,12.1968318,76.6120468,"Mysuru District, Karnataka, India","Mysuru district, Karnataka, India",administrative,state_district,verified_admin
Karnataka,RAICHUR,16.0547194,76.9003647,"Raichur, Karnataka, India","Raichur district, Karnataka, India",administrative,state_district,verified_admin
Karnataka,RAMANAGARA,12.720006,77.3184199,"Bengaluru South, Karnataka, India","Ramanagara, Karnataka, India",administrative,state_district,verified_admin
Karnataka,SHIMOGA,14.0556503,75.2380553,"Shimoga, Karnataka, India","Shimoga district, Karnataka, India",administrative,state_district,verified_admin
Karnataka,TUMKUR,13.4999406,77.0002445,"Tumakuru, Karnataka, 572128, India","Tumkur district, Karnataka, India",county,county,verified_admin
Karnataka,UDUPI,13.5269784,74.8731879,"Udupi, Karnataka, India","Udupi district, Karnataka, India",administrative,state_district,verified_admin
Karnataka,UTTAR KANNAD,14.7253795,74.6403389,"Uttara Kannada, Karnataka, India","Uttara Kannada district, Karnataka, India",administrative,state_district,verified_admin
Karnataka,YADGIR,16.5744123,76.9254434,"Yadgir, Karnataka, India","Yadgir district, Karnataka, India",administrative,state_district,verified_admin
Kerala,ALAPPUZHA,9.5003416,76.4123364,"Alappuzha, Kerala, India","Alappuzha district, Kerala, India",administrative,state_district,verified_admin
Kerala,ERNAKULAM,10.0383947,76.5074145,"Ernakulam, Kerala, India","Ernakulam district, Kerala, India",administrative,state_district,verified_admin
Kerala,IDUKKI,9.8154785,76.9991599,"Idukki, Kerala, India","Idukki district, Kerala, India",administrative,state_district,verified_admin
Kerala,KANNUR,11.9863343,75.5479704,"Kannur, Kerala, India","Kannur district, Kerala, India",administrative,state_district,verified_admin
Kerala,KASARAGOD,12.4221964,75.1904446,"Kasaragod, Kerala, India","Kasaragod district, Kerala, India",administrative,state_district,verified_admin
Kerala,KOLLAM,8.9674039,76.8585783,"Kollam, Kerala, India","Kollam district, Kerala, India",administrative,state_district,verified_admin
Kerala,KOTTAYAM,9.6287383,76.6455326,"Kottayam, Kerala, India","Kottayam district, Kerala, India",administrative,state_district,verified_admin
Kerala,KOZHIKODE,11.4655936,75.89194,"Kozhikode, Kerala, India","Kozhikode district, Kerala, India",administrative,state_district,verified_admin
Kerala,MALAPPURAM,11.1065685,76.1101742,"Malappuram, Kerala, India","Malappuram district, Kerala, India",administrative,state_district,verified_admin
Kerala,PALAKKAD,10.7873692,76.4742172,"Palakkad, Kerala, India","Palakkad district, Kerala, India",administrative,state_district,verified_admin
Kerala,PATHANAMTHITTA,9.2780841,76.9737443,"Pathanamthitta, Kerala, India","Pathanamthitta district, Kerala, India",administrative,state_district,verified_admin
Kerala,THIRUVANANTHAPURAM,8.5769705,77.0501246,"Thiruvananthapuram, Kerala, India","Thiruvananthapuram district, Kerala, India",administrative,state_district,verified_admin
Kerala,THRISSUR,10.4786969,76.2736512,"Thrissur, Kerala, India","Thrissur district, Kerala, India",administrative,state_district,verified_admin
Kerala,WAYANAD,11.7151291,76.1271185,"Wayanad, Kerala, India","Wayanad district, Kerala, India",administrative,state_district,verified_admin
Madhya Pradesh,AGAR MALWA,23.935092,76.1449595,"Agar Malwa, Madhya Pradesh, India","Agar Malwa district, Madhya Pradesh, India",administrative,state_district,verified_admin
Madhya Pradesh,ALIRAJPUR,22.2859525,74.3545628,"Alirajpur, Madhya Pradesh, India","Alirajpur district, Madhya Pradesh, India",administrative,state_district,verified_admin
Madhya Pradesh,ANUPPUR,23.0346179,81.7510255,"Anuppur, Madhya Pradesh, India","Anuppur district, Madhya Pradesh, India",administrative,state_district,verified_admin
Madhya Pradesh,ASHOKNAGAR,24.6186095,77.8786983,"Ashoknagar, Madhya Pradesh, India","Ashoknagar district, Madhya Pradesh, India",administrative,state_district,verified_admin
Madhya Pradesh,BALAGHAT,21.8611589,80.3237105,"Balaghat, Madhya Pradesh, India","Balaghat district, Madhya Pradesh, India",administrative,state_district,verified_admin
Madhya Pradesh,BARWANI,21.7514248,74.8915957,"Barwani, Madhya Pradesh, India","Barwani district, Madhya Pradesh, India",administrative,state_district,verified_admin
Madhya Pradesh,BETUL,21.8797472,77.8753651,"Betul, Madhya Pradesh, India","Betul district, Madhya Pradesh, India",administrative,state_district,verified_admin
Madhya Pradesh,BHIND,26.3518828,78.6863189,"Bhind, Madhya Pradesh, India","Bhind district, Madhya Pradesh, India",administrative,state_district,verified_admin
Madhya Pradesh,BHOPAL,23.4839759,77.3928507,"Bhopal, Madhya Pradesh, India","Bhopal district, Madhya Pradesh, India",administrative,state_district,verified_admin
Madhya Pradesh,BURHANPUR,21.334867,76.3708803,"Burhanpur, Madhya Pradesh, India","Burhanpur district, Madhya Pradesh, India",administrative,state_district,verified_admin
Madhya Pradesh,CHHATARPUR,24.7606089,79.6781776,"Chhatarpur, Madhya Pradesh, India","Chhatarpur district, Madhya Pradesh, India",administrative,state_district,verified_admin
Madhya Pradesh,CHHINDWARA,22.2071897,78.798833,"Chhindwara, Madhya Pradesh, India","Chhindwara district, Madhya Pradesh, India",administrative,state_district,verified_admin
Madhya Pradesh,DAMOH,23.7981005,79.5419356,"Damoh, Madhya Pradesh, India","Damoh district, Madhya Pradesh, India",administrative,state_district,verified_admin
Madhya Pradesh,DATIA,25.9182947,78.6644962,"Datia, Madhya Pradesh, India","Datia district, Madhya Pradesh, India",administrative,state_district,verified_admin
Madhya Pradesh,DEWAS,22.8057498,76.2940408,"Dewas, Madhya Pradesh, India","Dewas district, Madhya Pradesh, India",administrative,state_district,verified_admin
Madhya Pradesh,DHAR,22.5786572,75.2258637,"Dhar, Madhya Pradesh, India","Dhar district, Madhya Pradesh, India",administrative,state_district,verified_admin
Madhya Pradesh,DINDORI,22.9070871,80.8846924,"Dindori, Madhya Pradesh, India","Dindori district, Madhya Pradesh, India",administrative,state_district,verified_admin
Madhya Pradesh,GUNA,24.5001772,77.2600959,"Guna, Madhya Pradesh, India","Guna district, Madhya Pradesh, India",administrative,state_district,verified_admin
Madhya Pradesh,GWALIOR,26.0287495,78.1570654,"Gwalior, Madhya Pradesh, India","Gwalior district, Madhya Pradesh, India",administrative,state_district,verified_admin
Madhya Pradesh,HARDA,22.2427973,77.1179173,"Harda, Madhya Pradesh, India","Harda district, Madhya Pradesh, India",administrative,state_district,verified_admin
Madhya Pradesh,HOSHANGABAD,22.6503147,77.7509281,"Hoshangābād, Narmadapuram, Madhya Pradesh, 461005, India","Hoshangabad district, Madhya Pradesh, India",county,county,verified_admin
Madhya Pradesh,INDORE,22.7108119,75.8076918,"Indore, Madhya Pradesh, India","Indore district, Madhya Pradesh, India",administrative,state_district,verified_admin
Madhya Pradesh,JABALPUR,23.2230231,79.9825642,"Jabalpur, Madhya Pradesh, India","Jabalpur district, Madhya Pradesh, India",administrative,state_district,verified_admin
Madhya Pradesh,JHABUA,22.8869652,74.7243249,"Jhabua, Madhya Pradesh, India","Jhabua district, Madhya Pradesh, India",administrative,state_district,verified_admin
Madhya Pradesh,KATNI,23.7176393,80.2610181,"Katni, Madhya Pradesh, India","Katni district, Madhya Pradesh, India",administrative,state_district,verified_admin
Madhya Pradesh,KHANDWA,21.9769779,76.5675344,"Khandwa, Madhya Pradesh, India","Khandwa district, Madhya Pradesh, India",administrative,state_district,verified_admin
Madhya Pradesh,KHARGONE,21.9544729,75.7521248,"Khargone, Madhya Pradesh, India","Khargone district, Madhya Pradesh, India",administrative,state_district,verified_admin
Madhya Pradesh,MANDLA,22.6871074,80.5816341,"Mandla, Madhya Pradesh, India","Mandla district, Madhya Pradesh, India",administrative,state_district,verified_admin
Madhya Pradesh,MANDSAUR,24.2628148,75.385692,"Mandsaur, Madhya Pradesh, India","Mandsaur district, Madhya Pradesh, India",administrative,state_district,verified_admin
Madhya Pradesh,MORENA,26.3849794,77.8612721,"Morena, Madhya Pradesh, India","Morena district, Madhya Pradesh, India",administrative,state_district,verified_admin
Madhya Pradesh,NARSINGHPUR,22.934556,79.0867849,"Narsinghpur, Madhya Pradesh, India","Narsinghpur district, Madhya Pradesh, India",administrative,state_district,verified_admin
Madhya Pradesh,NEEMUCH,24.6305517,75.1829,"Neemuch, Madhya Pradesh, India","Neemuch district, Madhya Pradesh, India",administrative,state_district,verified_admin
Madhya Pradesh,PANNA,24.4498931,80.1462723,"Panna, Madhya Pradesh, India","Panna district, Madhya Pradesh, India",administrative,state_district,verified_admin
Madhya Pradesh,RAISEN,23.2675909,78.1727134,"Raisen, Madhya Pradesh, India","Raisen district, Madhya Pradesh, India",administrative,state_district,verified_admin
Madhya Pradesh,RAJGARH,23.8716707,76.7744703,"Rajgarh, Madhya Pradesh, India","Rajgarh district, Madhya Pradesh, India",administrative,state_district,verified_admin
Madhya Pradesh,RATLAM,23.50222,74.9551534,"Ratlam, Madhya Pradesh, India","Ratlam district, Madhya Pradesh, India",administrative,state_district,verified_admin
Madhya Pradesh,REWA,24.7560846,81.3810574,"Rewa, Madhya Pradesh, India","Rewa district, Madhya Pradesh, India",administrative,state_district,verified_admin
Madhya Pradesh,SAGAR,23.8083076,78.758254,"Sagar, Madhya Pradesh, India","Sagar district, Madhya Pradesh, India",administrative,state_district,verified_admin
Madhya Pradesh,SATNA,24.6954445,80.7770348,"Satna, Madhya Pradesh, India","Satna district, Madhya Pradesh, India",administrative,state_district,verified_admin
Madhya Pradesh,SEHORE,23.1150041,77.0665356,"Sehore, Madhya Pradesh, India","Sehore district, Madhya Pradesh, India",administrative,state_district,verified_admin
Madhya Pradesh,SEONI,22.2748109,79.7202522,"Seoni, Madhya Pradesh, India","Seoni district, Madhya Pradesh, India",administrative,state_district,verified_admin
Madhya Pradesh,SHAHDOL,23.3002343,81.364771,"Shahdol, Madhya Pradesh, India","Shahdol district, Madhya Pradesh, India",administrative,town,verified_admin
Madhya Pradesh,SHAJAPUR,23.4171002,76.6074794,"Shajapur, Madhya Pradesh, India","Shajapur district, Madhya Pradesh, India",administrative,state_district,verified_admin
Madhya Pradesh,SHEOPUR,25.7499267,76.9212945,"Sheopur, Madhya Pradesh, India","Sheopur district, Madhya Pradesh, India",administrative,state_district,verified_admin
Madhya Pradesh,SHIVPURI,25.3741215,77.8278866,"Shivpuri, Madhya Pradesh, India","Shivpuri district, Madhya Pradesh, India",administrative,state_district,verified_admin
Madhya Pradesh,SIDHI,24.2112687,81.7000415,"Sidhi, Madhya Pradesh, India","Sidhi district, Madhya Pradesh, India",administrative,state_district,verified_admin
Madhya Pradesh,SINGRAULI,24.2431343,82.3827672,"Singrauli, Madhya Pradesh, India","Singrauli district, Madhya Pradesh, India",administrative,state_district,verified_admin
Madhya Pradesh,TIKAMGARH,24.8552105,79.0472546,"Tikamgarh, Madhya Pradesh, India","Tikamgarh district, Madhya Pradesh, India",administrative,state_district,verified_admin
Madhya Pradesh,UJJAIN,23.2933285,75.6263115,"Ujjain, Madhya Pradesh, India","Ujjain district, Madhya Pradesh, India",administrative,state_district,verified_admin
Madhya Pradesh,UMARIA,23.6431837,80.9419078,"Umaria, Madhya Pradesh, India","Umaria district, Madhya Pradesh, India",administrative,state_district,verified_admin
Madhya Pradesh,VIDISHA,23.8463004,77.8370209,"Vidisha, Madhya Pradesh, India","Vidisha district, Madhya Pradesh, India",administrative,state_district,verified_admin
Maharashtra,AHMEDNAGAR,19.1627725,74.8580243,"Ahilyanagar District, Maharashtra, India","Ahmednagar district, Maharashtra, India",administrative,state_district,verified_admin
Maharashtra,AKOLA,20.7618122,77.1921157,"Akola, Maharashtra, India","Akola district, Maharashtra, India",administrative,state_district,verified_admin
Maharashtra,AMRAVATI,21.1545412,77.6442962,"Amravati, Maharashtra, India","Amravati district, Maharashtra, India",administrative,state_district,verified_admin
Maharashtra,AURANGABAD,20.0224932,75.1515442,"Chhatrapati Sambhajinagar, Maharashtra, India","Chhatrapati Sambhajinagar district, Maharashtra, India",administrative,state_district,verified_admin
Maharashtra,BEED,18.9918442,75.909784,"Beed, Maharashtra, India","Beed district, Maharashtra, India",administrative,state_district,verified_admin
Maharashtra,BHANDARA,21.1225869,79.794509,"Bhandara, Maharashtra, India","Bhandara district, Maharashtra, India",administrative,state_district,verified_admin
Maharashtra,BULDHANA,20.562845,76.4086986,"Buldhana, Maharashtra, India","Buldhana district, Maharashtra, India",administrative,state_district,verified_admin
Maharashtra,CHANDRAPUR,20.0967555,79.5045475,"Chandrapur, Maharashtra, India","Chandrapur district, Maharashtra, India",administrative,state_district,verified_admin
Maharashtra,DHULE,21.1305215,74.4900614,"Dhule, Maharashtra, India","Dhule district, Maharashtra, India",administrative,state_district,verified_admin
Maharashtra,GADCHIROLI,19.7590704,80.1622807,"Gadchiroli, Maharashtra, India","Gadchiroli district, Maharashtra, India",administrative,state_district,verified_admin
Maharashtra,GONDIA,21.455228,80.1962729,"Gondia City, Gondiya Taluka, Gondiya, Maharashtra, India","Gondia district, Maharashtra, India",administrative,city,verified_admin
Maharashtra,HINGOLI,19.5431163,77.1739432,"Hingoli, Maharashtra, India","Hingoli district, Maharashtra, India",administrative,state_district,verified_admin
Maharashtra,JALGAON,20.8428827,75.5261246,"Jalgaon, Maharashtra, India","Jalgaon district, Maharashtra, India",administrative,state_district,verified_admin
Maharashtra,JALNA,19.918833,75.8708599,"Jalna, Maharashtra, India","Jalna district, Maharashtra, India",administrative,state_district,verified_admin
Maharashtra,KOLHAPUR,16.4626695,74.0894749,"Kolhapur, Maharashtra, India","Kolhapur district, Maharashtra, India",administrative,state_district,verified_admin
Maharashtra,LATUR,18.3553347,76.7548997,"Latur, Maharashtra, India","Latur district, Maharashtra, India",administrative,state_district,verified_admin
Maharashtra,NAGPUR,21.1529647,79.0145059,"Nagpur, Maharashtra, India","Nagpur district, Maharashtra, India",administrative,state_district,verified_admin
Maharashtra,NANDED,19.0942729,77.4832628,"Nanded, Maharashtra, India","Nanded district, Maharashtra, India",administrative,state_district,verified_admin
Maharashtra,NANDURBAR,21.5141622,74.5405513,"Nandurbar, Maharashtra, India","Nandurbar district, Maharashtra, India",administrative,state_district,verified_admin
Maharashtra,NASHIK,20.2254559,74.104233,"Nashik, Maharashtra, India","Nashik district, Maharashtra, India",administrative,state_district,verified_admin
Maharashtra,OSMANABAD,18.169844,76.1179632,"Dharashiv, Maharashtra, India","Osmanabad district, Maharashtra, India",administrative,state_district,verified_admin
Maharashtra,PALGHAR,19.757249,73.0931199,"Palghar, Maharashtra, India","Palghar district, Maharashtra, India",administrative,state_district,verified_admin
Maharashtra,PARBHANI,19.2901981,76.6026443,"Parbhani, Maharashtra, India","Parbhani district, Maharashtra, India",administrative,state_district,verified_admin
Maharashtra,PUNE,18.6448627,73.9224157,"Pune, Maharashtra, India","Pune district, Maharashtra, India",administrative,state_district,verified_admin
Maharashtra,RAIGAD,18.4928092,73.138071,"Raigad, Maharashtra, India","Raigad district, Maharashtra, India",administrative,state_district,verified_admin
Maharashtra,RATNAGIRI,17.2826079,73.4569787,"Ratnagiri, Maharashtra, India","Ratnagiri district, Maharashtra, India",administrative,state_district,verified_admin
Maharashtra,SANGLI,17.1726928,74.5867654,"Sangli, Maharashtra, India","Sangli district, Maharashtra, India",administrative,state_district,verified_admin
Maharashtra,SATARA,17.6361289,74.2982781,"Satara, Maharashtra, India","Satara district, Maharashtra, India",administrative,state_district,verified_admin
Maharashtra,SINDHUDURG,16.1357193,73.6522086,"Sindhudurg, Maharashtra, India","Sindhudurg district, Maharashtra, India",administrative,state_district,verified_admin
Maharashtra,SOLAPUR,17.8499067,75.2763203,"Solapur, Maharashtra, India","Solapur district, Maharashtra, India",administrative,state_district,verified_admin
Maharashtra,THANE,19.3653598,73.3685437,"Thane, Maharashtra, India","Thane district, Maharashtra, India",administrative,state_district,verified_admin
Maharashtra,WARDHA,20.8256231,78.6131455,"Wardha, Maharashtra, India","Wardha district, Maharashtra, India",administrative,state_district,verified_admin
Maharashtra,WASHIM,20.2874178,77.2369655,"Washim, Maharashtra, India","Washim district, Maharashtra, India",administrative,state_district,verified_admin
Maharashtra,YAVATMAL,20.0638677,78.3565663,"Yavatmal, Maharashtra, India","Yavatmal district, Maharashtra, India",administrative,state_district,verified_admin
Manipur,BISHNUPUR,24.5263926,93.800487,"Bishnupur district, Manipur, India","Bishnupur district, Manipur, India",administrative,state_district,verified_admin
Manipur,CHANDEL,24.1700959,94.0059673,"Chandel district, Manipur, India","Chandel district, Manipur, India",administrative,state_district,verified_admin
Manipur,CHURACHANDPUR,24.3095833,93.675022,"Churachandpur district, Manipur, India","Churachandpur district, Manipur, India",administrative,state_district,verified_admin
Manipur,IMPHAL EAST,24.8326698,94.0168859,"Imphal East, Manipur, India","Imphal East district, Manipur, India",administrative,state_district,verified_admin
Manipur,IMPHAL WEST,24.7590802,93.8617365,"Imphal West, Manipur, India","Imphal West district, Manipur, India",administrative,state_district,verified_admin
Manipur,SENAPATI,25.3933697,94.1501773,"Senapati, Manipur, India","Senapati district, Manipur, India",administrative,state_district,verified_admin
Manipur,TAMENGLONG,25.0648711,93.5465432,"Tamenglong district, Manipur, India","Tamenglong district, Manipur, India",administrative,state_district,verified_admin
Manipur,THOUBAL,24.6203931,94.0104782,"Thoubal district, Manipur, India","Thoubal district, Manipur, India",administrative,state_district,verified_admin
Manipur,UKHRUL,25.3121261,94.4754982,"Ukhrul district, Manipur, India","Ukhrul district, Manipur, India",administrative,state_district,verified_admin
Meghalaya,EAST GARO HILLS,25.6184946,90.6342162,"East Garo Hills, Meghalaya, 794111, India","East Garo Hills district, Meghalaya, India",administrative,state_district,verified_admin
Meghalaya,EAST JAINTIA HILLS,25.2515761,92.4840501,"East Jaintia Hills, Meghalaya, India","East Jaintia Hills district, Meghalaya, India",administrative,state_district,verified_admin
Meghalaya,EAST KHASI HILLS,25.4023736,91.8317178,"East Khasi Hills, Meghalaya, India","East Khasi Hills district, Meghalaya, India",administrative,state_district,verified_admin
Meghalaya,NORTH GARO HILLS,25.8619841,90.7017705,"North Garo Hills, Meghalaya, India","North Garo Hills district, Meghalaya, India",administrative,state_district,verified_admin
Meghalaya,RI BHOI,25.8764026,91.8567574,"Ri-Bhoi, Meghalaya, India","Ri Bhoi district, Meghalaya, India",administrative,state_district,verified_admin
Meghalaya,SOUTH GARO HILLS,25.347969,90.5657773,"South Garo Hills, Meghalaya, India","South Garo Hills district, Meghalaya, India",administrative,state_district,verified_admin
Meghalaya,SOUTH WEST GARO HILLS,25.444631,89.9969655,"South West Garo Hills, Meghalaya, India","South West Garo Hills district, Meghalaya, India",administrative,state_district,verified_admin
Meghalaya,SOUTH WEST KHASI HILLS,25.3307221,91.3217388,"South West Khasi Hills, Meghalaya, India","South West Khasi Hills district, Meghalaya, India",administrative,state_district,verified_admin
Meghalaya,WEST GARO HILLS,25.6065343,90.2038335,"West Garo Hills, Meghalaya, India","West Garo Hills district, Meghalaya, India",administrative,state_district,verified_admin
Meghalaya,WEST JAINTIA HILLS,25.4425965,92.2988275,"West Jaintia Hills, Meghalaya, India","West Jaintia Hills district, Meghalaya, India",administrative,state_district,verified_admin
Meghalaya,WEST KHASI HILLS,25.5814429,91.0851094,"West Khasi Hills, Meghalaya, 793119, India","West Khasi Hills district, Meghalaya, India",administrative,state_district,verified_admin
Mizoram,AIZAWL,23.8608788,92.864694,"Aizawl, Mizoram, India","Aizawl district, Mizoram, India",administrative,state_district,verified_admin
Mizoram,CHAMPHAI,23.5443743,93.3479506,"Champhai district, Mizoram, India","Champhai district, Mizoram, India",administrative,state_district,verified_admin
Mizoram,KOLASIB,24.1905469,92.7136595,"Kolasib, Mizoram, India","Kolasib district, Mizoram, India",administrative,state_district,verified_admin
Mizoram,LAWNGTLAI,22.3913377,92.7397189,"Lawngtlai, Mizoram, India","Lawngtlai district, Mizoram, India",administrative,state_district,verified_admin
Mizoram,LUNGLEI,22.9519972,92.6336207,"Lunglei, Mizoram, India","Lunglei district, Mizoram, India",administrative,state_district,verified_admin
Mizoram,MAMIT,23.7564387,92.4515374,"Mamit, Mizoram, India","Mamit district, Mizoram, India",administrative,state_district,verified_admin
Mizoram,SAIHA,22.2876724,93.01336,"Saiha, Mizoram, India","Saiha district, Mizoram, India",administrative,state_district,verified_admin
Mizoram,SERCHHIP,23.3052514,92.8455124,"Serchhip, Mizoram, India","Serchhip district, Mizoram, India",administrative,state_district,verified_admin
Nagaland,DIMAPUR,25.9041378,93.7177609,"Dimapur, Nagaland, India","Dimapur district, Nagaland, India",administrative,state_district,verified_admin
Nagaland,KIPHIRE,25.8117088,94.8474036,"Kiphire, Nagaland, 798611, India","Kiphire district, Nagaland, India",administrative,state_district,verified_admin
Nagaland,KOHIMA,25.7169804,94.0982194,"Kohima, Nagaland, India","Kohima district, Nagaland, India",administrative,state_district,verified_admin
Nagaland,LONGLENG,26.5839315,94.8045481,"Longleng, Nagaland, 798625, India","Longleng district, Nagaland, India",administrative,state_district,verified_admin
Nagaland,MOKOKCHUNG,26.4795861,94.5105275,"Mokokchung, Nagaland, India","Mokokchung district, Nagaland, India",administrative,state_district,verified_admin
Nagaland,MON,26.666667,95.0,"Mon, Nagaland, India","Mon district, Nagaland, India",administrative,county,verified_admin
Nagaland,PEREN,25.4499691,93.6001738,"Peren, Nagaland, India","Peren district, Nagaland, India",administrative,state_district,verified_admin
Nagaland,PHEK,25.6700924,94.3843925,"Phek, Nagaland, India","Phek district, Nagaland, India",administrative,state_district,verified_admin
Nagaland,TUENSANG,26.2342107,94.741553,"Tuensang, Nagaland, India","Tuensang district, Nagaland, India",administrative,state_district,verified_admin
Nagaland,WOKHA,26.242251,94.1921153,"Wokha, Nagaland, India","Wokha district, Nagaland, India",administrative,state_district,verified_admin
Nagaland,ZUNHEBOTO,26.0123803,94.5123719,"Zünheboto, Nagaland, India","Zunheboto district, Nagaland, India",administrative,state_district,verified_admin
Odisha,ANUGUL,20.8411255,85.0804007,"Anugul, Angul, Odisha, India","Anugul, Odisha, India",administrative,county,verified_admin
Odisha,BALANGIR,20.6095183,83.1673029,"Balangir, Odisha, India","Balangir district, Odisha, India",administrative,state_district,verified_admin
Odisha,BALESHWAR,21.5197916,86.8790638,"Baleshwar, Odisha, India","Baleshwar district, Odisha, India",administrative,state_district,verified_admin
Odisha,BARGARH,21.2319922,83.5652737,"Bargarh, Odisha, India","Bargarh district, Odisha, India",administrative,state_district,verified_admin
Odisha,BHADRAK,20.9854052,86.5934226,"Bhadrak, Odisha, India","Bhadrak district, Odisha, India",administrative,state_district,verified_admin
Odisha,BOUDH,20.6407463,83.9969704,"Boudh, Odisha, India","Boudh district, Odisha, India",administrative,state_district,verified_admin
Odisha,CUTTACK,20.3700655,85.4697256,"Cuttack, Odisha, India","Cuttack district, Odisha, India",administrative,state_district,verified_admin
Odisha,DEOGARH,21.4477962,84.7174204,"Debagarh, Odisha, India","Debagarh district, Odisha, India",administrative,state_district,verified_admin
Odisha,DHENKANAL,20.8351494,85.6022305,"Dhenkanal, Odisha, India","Dhenkanal district, Odisha, India",administrative,state_district,verified_admin
Odisha,GAJAPATI,19.1966026,84.1930634,"Gajapati, Odisha, India","Gajapati district, Odisha, India",administrative,state_district,verified_admin
Odisha,GANJAM,19.6090068,84.7080633,"Ganjam, Odisha, India","Ganjam district, Odisha, India",administrative,state_district,verified_admin
Odisha,JAGATSINGHAPUR,20.1801473,86.3414874,"Jagatsinghapur, Odisha, India","Jagatsinghapur district, Odisha, India",administrative,state_district,verified_admin
Odisha,JAJAPUR,20.8277892,86.3798353,"Jajapur, Jajpur, Odisha, India","Jajapur, Odisha, India",administrative,county,verified_admin
Odisha,JHARSUGUDA,21.8019368,83.9713964,"Jharsuguda, Odisha, India","Jharsuguda district, Odisha, India",administrative,state_district,verified_admin
Odisha,KALAHANDI,19.8265757,83.0408702,"Kalahandi, Odisha, India","Kalahandi district, Odisha, India",administrative,state_district,verified_admin
Odisha,KANDHAMAL,20.1306939,84.0790476,"Kandhamal, Odisha, India","Kandhamal district, Odisha, India",administrative,state_district,verified_admin
Odisha,KENDRAPARA,20.5475164,86.5296168,"Kendrapara, Odisha, India","Kendrapara district, Odisha, India",administrative,state_district,verified_admin
Odisha,KENDUJHAR,21.5892323,85.6687841,"Kendujhar, Odisha, India","Kendujhar district, Odisha, India",administrative,state_district,verified_admin
Odisha,KHORDHA,20.0538149,85.5023308,"Khordha, Odisha, India","Khordha district, Odisha, India",administrative,state_district,verified_admin
Odisha,KORAPUT,18.7232023,82.6100596,"Koraput, Odisha, India","Koraput district, Odisha, India",administrative,state_district,verified_admin
Odisha,MALKANGIRI,18.2744685,81.9520316,"Malkangiri, Odisha, India","Malkangiri district, Odisha, India",administrative,state_district,verified_admin
Odisha,MAYURBHANJ,21.9156338,86.3961824,"Mayurbhanj, Odisha, India","Mayurbhanj district, Odisha, India",administrative,state_district,verified_admin
Odisha,NABARANGPUR,19.616667,82.375,"NABARANGPUR, Odisha, India",manual_verified_source,,,manual_verified
Odisha,NAYAGARH,20.2393682,85.050728,"Nayagarh, Odisha, India","Nayagarh district, Odisha, India",administrative,state_district,verified_admin
Odisha,NUAPADA,20.5412657,82.5292352,"Nuapada, Odisha, India","Nuapada district, Odisha, India",administrative,state_district,verified_admin
Odisha,PURI,19.8343066,85.6853295,"Puri, Odisha, India","Puri district, Odisha, India",administrative,state_district,verified_admin
Odisha,RAYAGADA,19.4426698,83.5873053,"Rayagada, Odisha, India","Rayagada district, Odisha, India",administrative,state_district,verified_admin
Odisha,SAMBALPUR,21.5570606,84.1528515,"Sambalpur, Odisha, India","Sambalpur district, Odisha, India",administrative,state_district,verified_admin
Odisha,SONEPUR,20.8535784,83.8529159,"Subarnapur, Odisha, India","Subarnapur district, Odisha, India",administrative,state_district,verified_admin
Odisha,SUNDARGARH,22.0605153,83.9359154,"Sundargarh, Odisha, India","Sundargarh district, Odisha, India",administrative,state_district,verified_admin
Puducherry,KARAIKAL,10.9156489,79.8069488,"Karaikal, Puducherry, India","Karaikal district, Puducherry, India",administrative,state_district,verified_admin
Puducherry,MAHE,11.708333,75.533333,"MAHE, Puducherry, India",manual_verified_source,,,manual_verified
Puducherry,PONDICHERRY,11.9220116,79.7951365,"Puducherry, India","Puducherry district, Puducherry, India",administrative,state_district,verified_admin
Puducherry,YANAM,16.7332235,82.2018118,"Yanam Taluk, Puducherry, 533464, India","Yanam district, Puducherry, India",administrative,county,verified_admin
Punjab,AMRITSAR,31.7685759,74.8315603,"Amritsar, Punjab, India","Amritsar district, Punjab, India",administrative,state_district,verified_admin
Punjab,BARNALA,30.3716802,75.5039887,"Barnala, Punjab, India","Barnala district, Punjab, India",administrative,state_district,verified_admin
Punjab,BATHINDA,30.1794814,75.0471098,"Bathinda, Punjab, India","Bathinda district, Punjab, India",administrative,state_district,verified_admin
Punjab,FARIDKOT,30.6014507,74.7950176,"Faridkot, Punjab, India","Faridkot district, Punjab, India",administrative,state_district,verified_admin
Punjab,FATEHGARH SAHIB,30.6634042,76.3803,"Fatehgarh Sahib, Punjab, India","Fatehgarh Sahib district, Punjab, India",administrative,state_district,verified_admin
Punjab,FAZILKA,30.3198406,74.1217943,"Fazilka, Punjab, India","Fazilka district, Punjab, India",administrative,state_district,verified_admin
Punjab,FIROZEPUR,30.8753832,74.6525438,"Firozpur, Punjab, India","Firozpur district, Punjab, India",administrative,state_district,verified_admin
Punjab,GURDASPUR,31.9037264,75.2275587,"Gurdaspur, Punjab, India","Gurdaspur district, Punjab, India",administrative,state_district,verified_admin
Punjab,HOSHIARPUR,31.6092942,75.8459754,"Hoshiarpur, Punjab, India","Hoshiarpur district, Punjab, India",administrative,state_district,verified_admin
Punjab,JALANDHAR,31.2922312,75.5678878,"Jalandhar, Punjab, India","Jalandhar district, Punjab, India",administrative,state_district,verified_admin
Punjab,KAPURTHALA,31.3856476,75.3053304,"Kapurthala, Punjab, India","Kapurthala district, Punjab, India",administrative,state_district,verified_admin
Punjab,LUDHIANA,30.789407,75.8269724,"Ludhiana, Punjab, India","Ludhiana district, Punjab, India",administrative,state_district,verified_admin
Punjab,MANSA,29.8764133,75.4889564,"Mansa, Punjab, India","Mansa district, Punjab, India",administrative,state_district,verified_admin
Punjab,MOGA,30.7877554,75.159359,"Moga, Punjab, India","Moga district, Punjab, India",administrative,state_district,verified_admin
Punjab,MUKTSAR,30.2867162,74.5262234,"Sri Muktsar Sahib, Punjab, India","Muktsar, Punjab, India",administrative,state_district,verified_admin
Punjab,NAWANSHAHR,31.126969,76.1598988,"Shaheed Bhagat Singh Nagar, Punjab, India","Nawanshahr district, Punjab, India",administrative,state_district,verified_admin
Punjab,PATHANKOT,32.3021899,75.6589406,"Pathankot, Punjab, India","Pathankot district, Punjab, India",administrative,state_district,verified_admin
Punjab,PATIALA,30.2092778,76.3397231,"Patiala, Punjab, India","Patiala district, Punjab, India",administrative,state_district,verified_admin
Punjab,RUPNAGAR,31.0917102,76.5289701,"Rupnagar, Punjab, India","Rupnagar district, Punjab, India",administrative,state_district,verified_admin
Punjab,S.A.S NAGAR,30.676694,76.7084883,"S.A.S. Nagar (Mohali) Tahsil, Sahibzada Ajit Singh Nagar, Punjab, India","S.A.S Nagar, Punjab, India",administrative,county,verified_admin
Punjab,SANGRUR,30.135717,75.8533326,"Sangrur, Punjab, India","Sangrur district, Punjab, India",administrative,state_district,verified_admin
Punjab,TARN TARAN,31.3212453,74.8416687,"Tarn Taran, Punjab, India","Tarn Taran district, Punjab, India",administrative,state_district,verified_admin
Rajasthan,AJMER,26.3318872,74.7169752,"Ajmer, Rajasthan, India","Ajmer district, Rajasthan, India",administrative,state_district,verified_admin
Rajasthan,ALWAR,27.4140049,76.6170387,"Alwar, Rajasthan, India","Alwar district, Rajasthan, India",administrative,state_district,verified_admin
Rajasthan,BANSWARA,23.4915047,74.3502172,"Banswara, Rajasthan, India","Banswara district, Rajasthan, India",administrative,state_district,verified_admin
Rajasthan,BARAN,24.9208165,76.6821985,"Baran, Rajasthan, India","Baran district, Rajasthan, India",administrative,state_district,verified_admin
Rajasthan,BHARATPUR,27.0246959,77.2920116,"Bharatpur, Rajasthan, India","Bharatpur district, Rajasthan, India",administrative,state_district,verified_admin
Rajasthan,BHILWARA,25.470994,74.6961316,"Bhilwara, Rajasthan, India","Bhilwara district, Rajasthan, India",administrative,state_district,verified_admin
Rajasthan,BIKANER,28.1161617,73.110567,"Bikaner, Rajasthan, India","Bikaner district, Rajasthan, India",administrative,state_district,verified_admin
Rajasthan,BUNDI,25.4367659,75.7361471,"Bundi, Rajasthan, India","Bundi district, Rajasthan, India",administrative,state_district,verified_admin
Rajasthan,CHITTORGARH,24.7171578,74.4718129,"Chittorgarh, Rajasthan, India","Chittorgarh district, Rajasthan, India",administrative,state_district,verified_admin
Rajasthan,DAUSA,26.8048659,76.4437457,"Dausa, Rajasthan, India","Dausa district, Rajasthan, India",administrative,state_district,verified_admin
Rajasthan,DHOLPUR,26.702519,77.893392,"DHOLPUR, Rajasthan, India",manual_verified_source,,,manual_verified
Rajasthan,DUNGARPUR,23.6723053,73.8166419,"Dungarpur, Rajasthan, India","Dungarpur district, Rajasthan, India",administrative,state_district,verified_admin
Rajasthan,GANGANAGAR,29.5,74.0,"Gangānagar, Hanumangarh, Rajasthan, India","Ganganagar district, Rajasthan, India",county,county,verified_admin
Rajasthan,HANUMANGARH,29.3659533,74.298429,"Hanumangarh, Rajasthan, India","Hanumangarh district, Rajasthan, India",administrative,state_district,verified_admin
Rajasthan,JAIPUR,26.9784335,75.7122089,"Jaipur, Rajasthan, India","Jaipur district, Rajasthan, India",administrative,state_district,verified_admin
Rajasthan,JHALAWAR,24.3132368,76.5221078,"Jhalawar, Rajasthan, India","Jhalawar district, Rajasthan, India",administrative,state_district,verified_admin
Rajasthan,JODHPUR,26.410532,72.9646645,"Jodhpur, Rajasthan, India","Jodhpur district, Rajasthan, India",administrative,state_district,verified_admin
Rajasthan,KARAULI,26.5158329,77.0565965,"Karauli, Rajasthan, India","Karauli district, Rajasthan, India",administrative,state_district,verified_admin
Rajasthan,KOTA,25.196683,76.0009687,"Kota, Rajasthan, India","Kota district, Rajasthan, India",administrative,state_district,verified_admin
Rajasthan,PALI,25.4552211,73.419389,"Pali, Rajasthan, India","Pali district, Rajasthan, India",administrative,state_district,verified_admin
Rajasthan,PRATAPGARH,24.0232221,74.6250275,"Pratapgarh, Rajasthan, India","Pratapgarh district, Rajasthan, India",administrative,state_district,verified_admin
Rajasthan,RAJSAMAND,25.2892459,73.8241077,"Rajsamand, Rajasthan, India","Rajsamand district, Rajasthan, India",administrative,state_district,verified_admin
Rajasthan,SAWAI MADHOPUR,26.2290186,76.3043561,"Sawai Madhopur, Rajasthan, India","Sawai Madhopur district, Rajasthan, India",administrative,state_district,verified_admin
Rajasthan,SIROHI,24.8114047,72.8300257,"Sirohi, Rajasthan, India","Sirohi district, Rajasthan, India",administrative,state_district,verified_admin
Rajasthan,TONK,26.1223198,75.6632235,"Tonk, Rajasthan, India","Tonk district, Rajasthan, India",administrative,state_district,verified_admin
Rajasthan,UDAIPUR,24.453502,73.4070437,"Udaipur, Rajasthan, India","Udaipur district, Rajasthan, India",administrative,state_district,verified_admin
Sikkim,EAST DISTRICT,27.333333,88.666667,"EAST DISTRICT, Sikkim, India",manual_verified_source,,,manual_verified
Sikkim,NORTH DISTRICT,27.666667,88.5,"North District, Mangan, Sikkim, India","North District district, Sikkim, India",county,county,verified_admin
Sikkim,SOUTH DISTRICT,27.333333,88.416667,"South District, Namchi, Sikkim, 737139, India","South District district, Sikkim, India",county,county,verified_admin
Sikkim,WEST DISTRICT,27.333333,88.25,"WEST DISTRICT, Sikkim, India",manual_verified_source,,,manual_verified
Tamil Nadu,ARIYALUR,11.1530559,79.2585797,"Ariyalur, Tamil Nadu, India","Ariyalur district, Tamil Nadu, India",administrative,state_district,verified_admin
Tamil Nadu,COIMBATORE,10.8124445,77.0796084,"Coimbatore, Tamil Nadu, India","Coimbatore district, Tamil Nadu, India",administrative,state_district,verified_admin
Tamil Nadu,CUDDALORE,11.5202071,79.3396356,"Cuddalore, Tamil Nadu, India","Cuddalore district, Tamil Nadu, India",administrative,state_district,verified_admin
Tamil Nadu,DHARMAPURI,12.1456131,78.1132217,"Dharmapuri, Tamil Nadu, India","Dharmapuri district, Tamil Nadu, India",administrative,state_district,verified_admin
Tamil Nadu,DINDIGUL,10.4257161,77.8154728,"Dindigul, Tamil Nadu, India","Dindigul district, Tamil Nadu, India",administrative,state_district,verified_admin
Tamil Nadu,ERODE,11.4905282,77.3505274,"Erode, Tamil Nadu, India","Erode district, Tamil Nadu, India",administrative,state_district,verified_admin
Tamil Nadu,KANCHIPURAM,12.9647163,79.9839686,"Kanchipuram, Tamil Nadu, India","Kanchipuram district, Tamil Nadu, India",administrative,district,verified_admin
Tamil Nadu,KANNIYAKUMARI,8.3279814,77.3541173,"Kanniyakumari, Tamil Nadu, India","Kanniyakumari district, Tamil Nadu, India",administrative,state_district,verified_admin
Tamil Nadu,KARUR,10.8217671,78.3828654,"Karur, Tamil Nadu, India","Karur district, Tamil Nadu, India",administrative,state_district,verified_admin
Tamil Nadu,KRISHNAGIRI,12.5152075,78.0093769,"Krishnagiri, Tamil Nadu, India","Krishnagiri district, Tamil Nadu, India",administrative,state_district,verified_admin
Tamil Nadu,MADURAI,9.9369266,78.007823,"Madurai, Tamil Nadu, India","Madurai district, Tamil Nadu, India",administrative,state_district,verified_admin
Tamil Nadu,NAGAPATTINAM,10.6026203,79.7619348,"Nagapattinam, Tamil Nadu, India","Nagapattinam district, Tamil Nadu, India",administrative,state_district,verified_admin
Tamil Nadu,NAMAKKAL,11.3033889,78.118604,"Namakkal, Tamil Nadu, India","Namakkal district, Tamil Nadu, India",administrative,state_district,verified_admin
Tamil Nadu,PERAMBALUR,11.2902641,78.9300404,"Perambalur, Tamil Nadu, India","Perambalur district, Tamil Nadu, India",administrative,state_district,verified_admin
Tamil Nadu,PUDUKKOTTAI,10.2903072,78.8173617,"Pudukkottai, Tamil Nadu, India","Pudukkottai district, Tamil Nadu, India",administrative,state_district,verified_admin
Tamil Nadu,RAMANATHAPURAM,9.5205576,78.5184635,"Ramanathapuram, Tamil Nadu, India","Ramanathapuram district, Tamil Nadu, India",administrative,state_district,verified_admin
Tamil Nadu,SALEM,11.6469616,78.2106958,"Salem, Tamil Nadu, India","Salem district, Tamil Nadu, India",administrative,state_district,verified_admin
Tamil Nadu,SIVAGANGA,9.851231,78.5304715,"Sivaganga, Sivagangai, Tamil Nadu, India","Sivaganga, Tamil Nadu, India",administrative,county,verified_admin
Tamil Nadu,THANJAVUR,10.659037,79.2014278,"Thanjavur, Tamil Nadu, India","Thanjavur district, Tamil Nadu, India",administrative,state_district,verified_admin
Tamil Nadu,THE NILGIRIS,11.4,76.7,"The Nilgiris, Nilgiris, Tamil Nadu, 643001, India","The Nilgiris district, Tamil Nadu, India",county,county,verified_admin
Tamil Nadu,THENI,9.8692558,77.4222974,"Theni, Tamil Nadu, India","Theni district, Tamil Nadu, India",administrative,state_district,verified_admin
Tamil Nadu,THIRUVALLUR,13.2537619,80.0562572,"Thiruvallur, Tamil Nadu, India","Thiruvallur district, Tamil Nadu, India",administrative,state_district,verified_admin
Tamil Nadu,THIRUVARUR,10.6878621,79.4979437,"Thiruvarur, Tamil Nadu, India","Thiruvarur district, Tamil Nadu, India",administrative,state_district,verified_admin
Tamil Nadu,TIRUCHIRAPPALLI,10.8504608,78.724533,"Tiruchirappalli, Tamil Nadu, India","Tiruchirappalli district, Tamil Nadu, India",administrative,state_district,verified_admin
Tamil Nadu,TIRUNELVELI,8.5495014,77.5805178,"Tirunelveli, Tamil Nadu, India","Tirunelveli district, Tamil Nadu, India",administrative,state_district,verified_admin
Tamil Nadu,TIRUPPUR,10.7915267,77.5325466,"Tiruppur, Tamil Nadu, India","Tiruppur district, Tamil Nadu, India",administrative,state_district,verified_admin
Tamil Nadu,TIRUVANNAMALAI,12.4289282,78.99915,"Tiruvannamalai, Tamil Nadu, India","Tiruvannamalai district, Tamil Nadu, India",administrative,state_district,verified_admin
Tamil Nadu,TUTICORIN,8.8457035,77.9938178,"Thoothukudi, Tamil Nadu, India","Thoothukudi district, Tamil Nadu, India",administrative,state_district,verified_admin
Tamil Nadu,VELLORE,12.9021849,79.061104,"Vellore, Tamil Nadu, India","Vellore district, Tamil Nadu, India",administrative,state_district,verified_admin
Tamil Nadu,VILLUPURAM,12.1166967,79.5989236,"Viluppuram, Tamil Nadu, India","Viluppuram district, Tamil Nadu, India",administrative,state_district,verified_admin
Tamil Nadu,VIRUDHUNAGAR,9.4926289,77.8631831,"Virudhunagar, Tamil Nadu, India","Virudhunagar district, Tamil Nadu, India",administrative,state_district,verified_admin
Telangana,ADILABAD,19.5457038,78.6086759,"Adilabad, Telangana, India","Adilabad district, Telangana, India",administrative,state_district,verified_admin
Telangana,HYDERABAD,17.388786,78.4610647,"Hyderabad, Telangana, India","Hyderabad district, Telangana, India",administrative,state_district,verified_admin
Telangana,KARIMNAGAR,18.4075996,79.2182933,"Karimnagar, Telangana, India","Karimnagar district, Telangana, India",administrative,state_district,verified_admin
Telangana,KHAMMAM,17.1729189,80.4057537,"Khammam, Telangana, India","Khammam district, Telangana, India",administrative,state_district,verified_admin
Telangana,MAHBUBNAGAR,16.5,78.25,"Mahbūbnagar, Nagarkurnool, Telangana, 509215, India","Mahbubnagar district, Telangana, India",county,county,verified_admin
Telangana,MEDAK,17.9375095,78.211745,"Medak, Telangana, India","Medak district, Telangana, India",administrative,state_district,verified_admin
Telangana,NALGONDA,16.8579636,79.2174935,"Nalgonda, Telangana, India","Nalgonda district, Telangana, India",administrative,state_district,verified_admin
Telangana,NIZAMABAD,18.7248422,78.1921833,"Nizamabad, Telangana, India","Nizamabad district, Telangana, India",administrative,state_district,verified_admin
Telangana,RANGAREDDI,17.1333954,78.3970979,"Ranga Reddy, Telangana, India","Ranga Reddy district, Telangana, India",administrative,state_district,verified_admin
Telangana,WARANGAL,17.8675814,79.801947,"Warangal, Telangana, India","Warangal district, Telangana, India",administrative,state_district,verified_admin
Tripura,DHALAI,23.8253158,91.9732227,"Dhalai, Tripura, India","Dhalai district, Tripura, India",administrative,state_district,verified_admin
Tripura,GOMATI,23.4278179,91.6149726,"Gomati, Tripura, India","Gomati district, Tripura, India",administrative,state_district,verified_admin
Tripura,KHOWAI,23.9563913,91.642107,"Khowai, Tripura, India","Khowai district, Tripura, India",administrative,state_district,verified_admin
Tripura,NORTH TRIPURA,24.0921476,92.2451214,"North Tripura, Tripura, India","North Tripura district, Tripura, India",administrative,state_district,verified_admin
Tripura,SEPAHIJALA,23.5307446,91.3015654,"Sipahijala, Tripura, India","Sipahijala district, Tripura, India",administrative,state_district,verified_admin
Tripura,SOUTH TRIPURA,23.1708278,91.638817,"South Tripura, Tripura, India","South Tripura district, Tripura, India",administrative,state_district,verified_admin
Tripura,UNAKOTI,24.1909849,92.0460483,"Unakoti, Tripura, India","Unakoti district, Tripura, India",administrative,state_district,verified_admin
Tripura,WEST TRIPURA,23.9153329,91.3879341,"West Tripura, Tripura, India","West Tripura district, Tripura, India",administrative,state_district,verified_admin
Uttar Pradesh,AGRA,27.0755504,77.8753832,"Agra, Uttar Pradesh, India","Agra district, Uttar Pradesh, India",administrative,state_district,verified_admin
Uttar Pradesh,ALIGARH,27.8761073,78.1358153,"Aligarh, Uttar Pradesh, India","Aligarh district, Uttar Pradesh, India",administrative,state_district,verified_admin
Uttar Pradesh,ALLAHABAD,25.2793187,81.9034977,"Prayagraj, Uttar Pradesh, India","Allahabad, Uttar Pradesh, India",administrative,state_district,verified_admin
Uttar Pradesh,AMBEDKAR NAGAR,26.4045941,82.6065154,"Ambedkar Nagar, Uttar Pradesh, India","Ambedkar Nagar district, Uttar Pradesh, India",administrative,state_district,verified_admin
Uttar Pradesh,AMETHI,26.346274,81.6252039,"Amethi, Uttar Pradesh, India","Amethi district, Uttar Pradesh, India",administrative,state_district,verified_admin
Uttar Pradesh,AMROHA,28.7952632,78.3436244,"Amroha, Uttar Pradesh, India","Amroha district, Uttar Pradesh, India",administrative,state_district,verified_admin
Uttar Pradesh,AURAIYA,26.6558215,79.5160757,"Auraiya, Uttar Pradesh, India","Auraiya district, Uttar Pradesh, India",administrative,state_district,verified_admin
Uttar Pradesh,AZAMGARH,26.023639,83.0293105,"Azamgarh, Uttar Pradesh, India","Azamgarh district, Uttar Pradesh, India",administrative,state_district,verified_admin
Uttar Pradesh,BAGHPAT,29.0374779,77.3062737,"Baghpat, Uttar Pradesh, India","Baghpat district, Uttar Pradesh, India",administrative,state_district,verified_admin
Uttar Pradesh,BAHRAICH,27.7343823,81.47654,"Bahraich, Uttar Pradesh, India","Bahraich district, Uttar Pradesh, India",administrative,state_district,verified_admin
Uttar Pradesh,BALLIA,25.8749595,84.1210329,"Ballia, Uttar Pradesh, India","Ballia district, Uttar Pradesh, India",administrative,state_district,verified_admin
Uttar Pradesh,BALRAMPUR,27.4476988,82.3956245,"Balrampur, Uttar Pradesh, India","Balrampur district, Uttar Pradesh, India",administrative,state_district,verified_admin
Uttar Pradesh,BANDA,25.4438537,80.5595237,"Banda, Uttar Pradesh, India","Banda district, Uttar Pradesh, India",administrative,state_district,verified_admin
Uttar Pradesh,BARABANKI,26.9421406,81.3856087,"Barabanki, Uttar Pradesh, India","Barabanki district, Uttar Pradesh, India",administrative,state_district,verified_admin
Uttar Pradesh,BAREILLY,28.4582345,79.4047452,"Bareilly, Uttar Pradesh, India","Bareilly district, Uttar Pradesh, India",administrative,state_district,verified_admin
Uttar Pradesh,BASTI,26.8387083,82.5350919,"Basti, Uttar Pradesh, India","Basti district, Uttar Pradesh, India",administrative,state_district,verified_admin
Uttar Pradesh,BIJNOR,29.4074203,78.4821406,"Bijnor, Uttar Pradesh, India","Bijnor district, Uttar Pradesh, India",administrative,state_district,verified_admin
Uttar Pradesh,BUDAUN,28.116667,78.983333,"Budaun, Badaun, Uttar Pradesh, 243633, India","Budaun district, Uttar Pradesh, India",county,county,verified_admin
Uttar Pradesh,BULANDSHAHR,28.3874073,77.9743805,"Bulandshahr, Uttar Pradesh, India","Bulandshahr district, Uttar Pradesh, India",administrative,state_district,verified_admin
Uttar Pradesh,CHANDAULI,25.125695,83.2494601,"Chandauli, Uttar Pradesh, India","Chandauli district, Uttar Pradesh, India",administrative,state_district,verified_admin
Uttar Pradesh,CHITRAKOOT,25.217139,81.1045927,"Chitrakoot, Uttar Pradesh, India","Chitrakoot district, Uttar Pradesh, India",administrative,state_district,verified_admin
Uttar Pradesh,DEORIA,26.4239911,83.7638578,"Deoria, Uttar Pradesh, India","Deoria district, Uttar Pradesh, India",administrative,state_district,verified_admin
Uttar Pradesh,ETAH,27.5550357,78.5992221,"Etah, Uttar Pradesh, India","Etah district, Uttar Pradesh, India",administrative,state_district,verified_admin
Uttar Pradesh,ETAWAH,26.7155629,79.0917098,"Etawah, Uttar Pradesh, India","Etawah district, Uttar Pradesh, India",administrative,state_district,verified_admin
Uttar Pradesh,FAIZABAD,26.75,82.0,"Faizabad, Ayodhya, Uttar Pradesh, 224188, India","Faizabad district, Uttar Pradesh, India",county,county,verified_admin
Uttar Pradesh,FARRUKHABAD,27.4362003,79.4894778,"Farrukhabad, Uttar Pradesh, India","Farrukhabad district, Uttar Pradesh, India",administrative,state_district,verified_admin
Uttar Pradesh,FATEHPUR,25.8348023,80.9154547,"Fatehpur, Uttar Pradesh, India","Fatehpur district, Uttar Pradesh, India",administrative,state_district,verified_admin
Uttar Pradesh,FIROZABAD,27.1941954,78.4604956,"Firozabad, Uttar Pradesh, India","Firozabad district, Uttar Pradesh, India",administrative,state_district,verified_admin
Uttar Pradesh,GAUTAM BUDDHA NAGAR,28.368716,77.5970121,"Gautam Buddha Nagar, Uttar Pradesh, India","Gautam Buddha Nagar district, Uttar Pradesh, India",administrative,state_district,verified_admin
Uttar Pradesh,GHAZIABAD,28.7749966,77.4586967,"Ghaziabad, Uttar Pradesh, India","Ghaziabad district, Uttar Pradesh, India",administrative,state_district,verified_admin
Uttar Pradesh,GHAZIPUR,25.6034863,83.5075888,"Ghazipur, Uttar Pradesh, India","Ghazipur district, Uttar Pradesh, India",administrative,state_district,verified_admin
Uttar Pradesh,GONDA,27.1103723,81.9238906,"Gonda, Uttar Pradesh, India","Gonda district, Uttar Pradesh, India",administrative,state_district,verified_admin
Uttar Pradesh,GORAKHPUR,26.6677977,83.3642334,"Gorakhpur, Uttar Pradesh, India","Gorakhpur district, Uttar Pradesh, India",administrative,state_district,verified_admin
Uttar Pradesh,HAMIRPUR,25.75,80.0,"Hamirpur, Uttar Pradesh, India","Hamirpur district, Uttar Pradesh, India",administrative,county,verified_admin
Uttar Pradesh,HAPUR,28.7166767,77.890433,"Hapur, Uttar Pradesh, India","Hapur district, Uttar Pradesh, India",administrative,state_district,verified_admin
Uttar Pradesh,HARDOI,27.3369978,80.0998232,"Hardoi, Uttar Pradesh, India","Hardoi district, Uttar Pradesh, India",administrative,state_district,verified_admin
Uttar Pradesh,HATHRAS,27.5724324,78.1116209,"Hathras, Uttar Pradesh, India","Hathras district, Uttar Pradesh, India",administrative,state_district,verified_admin
Uttar Pradesh,JALAUN,26.1048633,79.3919136,"Jalaun, Uttar Pradesh, India","Jalaun district, Uttar Pradesh, India",administrative,state_district,verified_admin
Uttar Pradesh,JAUNPUR,25.7967065,82.4888992,"Jaunpur, Uttar Pradesh, India","Jaunpur district, Uttar Pradesh, India",administrative,state_district,verified_admin
Uttar Pradesh,JHANSI,25.529855,78.6527802,"Jhansi, Uttar Pradesh, India","Jhansi district, Uttar Pradesh, India",administrative,state_district,verified_admin
Uttar Pradesh,KANNAUJ,26.9986675,79.6927946,"Kannauj, Uttar Pradesh, India","Kannauj district, Uttar Pradesh, India",administrative,state_district,verified_admin
Uttar Pradesh,KANPUR DEHAT,26.4585639,79.8548052,"Kanpur Dehat, Uttar Pradesh, India","Kanpur Dehat district, Uttar Pradesh, India",administrative,state_district,verified_admin
Uttar Pradesh,KANPUR NAGAR,26.4410107,80.2652803,"Kanpur Nagar, Uttar Pradesh, India","Kanpur Nagar district, Uttar Pradesh, India",administrative,state_district,verified_admin
Uttar Pradesh,KASGANJ,27.7888527,78.8229701,"Kasganj, Uttar Pradesh, India","Kasganj district, Uttar Pradesh, India",administrative,state_district,verified_admin
Uttar Pradesh,KAUSHAMBI,25.5342456,81.4493567,"Kaushambi, Uttar Pradesh, India","Kaushambi district, Uttar Pradesh, India",administrative,state_district,verified_admin
Uttar Pradesh,KHERI,28.116667,80.716667,"Kheri, Lakhimpur Kheri, Uttar Pradesh, India","Kheri district, Uttar Pradesh, India",county,county,verified_admin
Uttar Pradesh,KUSHI NAGAR,26.9242612,83.8324465,"Kushinagar, Uttar Pradesh, India","Kushinagar district, Uttar Pradesh, India",administrative,state_district,verified_admin
Uttar Pradesh,LALITPUR,24.6999688,78.51862,"Lalitpur, Uttar Pradesh, India","Lalitpur district, Uttar Pradesh, India",administrative,state_district,verified_admin
Uttar Pradesh,LUCKNOW,26.8312463,80.9174154,"Lucknow, Uttar Pradesh, India","Lucknow district, Uttar Pradesh, India",administrative,state_district,verified_admin
Uttar Pradesh,MAHARAJGANJ,26.4710847,81.1807046,"Maharajganj, Raebareli, Uttar Pradesh, India","Maharajganj district, Uttar Pradesh, India",administrative,county,verified_admin
Uttar Pradesh,MAHOBA,25.3615938,79.706011,"Mahoba, Uttar Pradesh, India","Mahoba district, Uttar Pradesh, India",administrative,state_district,verified_admin
Uttar Pradesh,MAINPURI,27.2093072,79.0625369,"Mainpuri, Uttar Pradesh, India","Mainpuri district, Uttar Pradesh, India",administrative,state_district,verified_admin
Uttar Pradesh,MATHURA,27.633333,77.583333,"Mathura, Uttar Pradesh, India","Mathura district, Uttar Pradesh, India",administrative,county,verified_admin
Uttar Pradesh,MAU,26.0390905,83.4985846,"Mau, Uttar Pradesh, India","Mau district, Uttar Pradesh, India",administrative,state_district,verified_admin
Uttar Pradesh,MEERUT,29.0018557,77.7679671,"Meerut, Uttar Pradesh, India","Meerut district, Uttar Pradesh, India",administrative,state_district,verified_admin
Uttar Pradesh,MIRZAPUR,24.9316896,82.6280163,"Mirzapur, Uttar Pradesh, India","Mirzapur district, Uttar Pradesh, India",administrative,state_district,verified_admin
Uttar Pradesh,MORADABAD,28.8796553,78.8095335,"Moradabad, Uttar Pradesh, India","Moradabad district, Uttar Pradesh, India",administrative,state_district,verified_admin
Uttar Pradesh,MUZAFFARNAGAR,29.4496979,77.7429333,"Muzaffarnagar, Uttar Pradesh, India","Muzaffarnagar district, Uttar Pradesh, India",administrative,state_district,verified_admin
Uttar Pradesh,PILIBHIT,28.4947158,80.1076122,"Pilibhit, Uttar Pradesh, India","Pilibhit district, Uttar Pradesh, India",administrative,state_district,verified_admin
Uttar Pradesh,PRATAPGARH,25.75,81.75,"Pratapgarh, Uttar Pradesh, India","Pratapgarh district, Uttar Pradesh, India",administrative,county,verified_admin
Uttar Pradesh,RAE BARELI,26.25,81.25,"Rāe Bareli, Raebareli, Uttar Pradesh, India","Rae Bareli district, Uttar Pradesh, India",county,county,verified_admin
Uttar Pradesh,RAMPUR,28.7934728,79.1845806,"Rampur, Uttar Pradesh, India","Rampur district, Uttar Pradesh, India",administrative,state_district,verified_admin
Uttar Pradesh,SAHARANPUR,29.9856799,77.5040646,"Saharanpur, Uttar Pradesh, India","Saharanpur district, Uttar Pradesh, India",administrative,state_district,verified_admin
Uttar Pradesh,SAMBHAL,28.4271928,78.5564546,"Sambhal, Uttar Pradesh, India","Sambhal district, Uttar Pradesh, India",administrative,state_district,verified_admin
Uttar Pradesh,SANT KABEER NAGAR,26.755082,83.0398545,"Sant Kabir Nagar, Uttar Pradesh, India","Sant Kabir Nagar district, Uttar Pradesh, India",administrative,state_district,verified_admin
Uttar Pradesh,SANT RAVIDAS NAGAR,25.3574077,82.5002953,"Sant Ravidas Nagar, Uttar Pradesh, India","Sant Ravidas Nagar district, Uttar Pradesh, India",administrative,state_district,verified_admin
Uttar Pradesh,SHAHJAHANPUR,27.9128583,79.7476254,"Shahjahanpur, Uttar Pradesh, India","Shahjahanpur district, Uttar Pradesh, India",administrative,state_district,verified_admin
Uttar Pradesh,SHAMLI,29.4811508,77.2901344,"Shamli, Uttar Pradesh, India","Shamli district, Uttar Pradesh, India",administrative,state_district,verified_admin
Uttar Pradesh,SHRAVASTI,27.5075,82.0047,"SHRAVASTI, Uttar Pradesh, India",manual_verified_source,,,manual_verified
Uttar Pradesh,SIDDHARTH NAGAR,27.2511724,82.8716528,"Siddharthnagar, Uttar Pradesh, India","Siddharthnagar district, Uttar Pradesh, India",administrative,state_district,verified_admin
Uttar Pradesh,SITAPUR,27.5026748,80.8335139,"Sitapur, Uttar Pradesh, India","Sitapur district, Uttar Pradesh, India",administrative,state_district,verified_admin
Uttar Pradesh,SONBHADRA,24.4148159,83.0637517,"Sonbhadra, Uttar Pradesh, India","Sonbhadra district, Uttar Pradesh, India",administrative,state_district,verified_admin
Uttar Pradesh,SULTANPUR,26.2604732,82.2380532,"Sultanpur, Uttar Pradesh, India","Sultanpur district, Uttar Pradesh, India",administrative,state_district,verified_admin
Uttar Pradesh,UNNAO,26.5673264,80.6198193,"Unnao, Uttar Pradesh, India","Unnao district, Uttar Pradesh, India",administrative,state_district,verified_admin
Uttar Pradesh,VARANASI,25.3719338,82.9414272,"Varanasi, Uttar Pradesh, India","Varanasi district, Uttar Pradesh, India",administrative,state_district,verified_admin
Uttarakhand,ALMORA,29.702651,79.4326318,"Almora, Uttarakhand, India","Almora district, Uttarakhand, India",administrative,state_district,verified_admin
Uttarakhand,BAGESHWAR,30.0087902,79.9280183,"Bageshwar, Uttarakhand, India","Bageshwar district, Uttarakhand, India",administrative,state_district,verified_admin
Uttarakhand,CHAMOLI,30.4985956,79.6190537,"Chamoli, Uttarakhand, India","Chamoli district, Uttarakhand, India",administrative,state_district,verified_admin
Uttarakhand,CHAMPAWAT,29.235032,80.1023068,"Champawat, Uttarakhand, India","Champawat district, Uttarakhand, India",administrative,state_district,verified_admin
Uttarakhand,DEHRADUN,30.4998157,77.8625457,"Dehradun, Uttarakhand, India","Dehradun district, Uttarakhand, India",administrative,state_district,verified_admin
Uttarakhand,HARIDWAR,29.9123514,78.0087178,"Haridwar, Uttarakhand, India","Haridwar district, Uttarakhand, India",administrative,state_district,verified_admin
Uttarakhand,NAINITAL,29.294995,79.4162511,"Nainital, Uttarakhand, India","Nainital district, Uttarakhand, India",administrative,state_district,verified_admin
Uttarakhand,PAURI GARHWAL,29.8473168,78.7070479,"Pauri Garhwal, Uttarakhand, India","Pauri Garhwal district, Uttarakhand, India",administrative,state_district,verified_admin
Uttarakhand,PITHORAGARH,30.1264975,80.4816989,"Pithoragarh district, Uttarakhand, India","Pithoragarh district, Uttarakhand, India",administrative,state_district,verified_admin
Uttarakhand,RUDRA PRAYAG,30.4915835,79.0366067,"Rudraprayag, Uttarakhand, India","Rudraprayag district, Uttarakhand, India",administrative,state_district,verified_admin
Uttarakhand,TEHRI GARHWAL,30.4658181,78.4837349,"Tehri Garhwal, Uttarakhand, India","Tehri Garhwal district, Uttarakhand, India",administrative,state_district,verified_admin
Uttarakhand,UDAM SINGH NAGAR,29.0478314,79.4326164,"Udham Singh Nagar, Uttarakhand, India","Udham Singh Nagar district, Uttarakhand, India",administrative,state_district,verified_admin
Uttarakhand,UTTAR KASHI,30.9635733,78.6362521,"Uttarkashi, Uttarakhand, India","Uttarkashi district, Uttarakhand, India",administrative,state_district,verified_admin
West Bengal,24 PARAGANAS NORTH,22.6926815,88.6625795,"North 24 Parganas, West Bengal, India","North 24 Parganas district, West Bengal, India",administrative,state_district,verified_admin
West Bengal,24 PARAGANAS SOUTH,22.1776733,88.5307853,"South 24 Parganas, West Bengal, India","South 24 Parganas district, West Bengal, India",administrative,state_district,verified_admin
West Bengal,BANKURA,23.132377,87.2081925,"Bankura, West Bengal, India","Bankura district, West Bengal, India",administrative,state_district,verified_admin
West Bengal,BARDHAMAN,23.388517,87.9068097,"Purba Bardhaman, West Bengal, India","Bardhaman district, West Bengal, India",administrative,state_district,verified_admin
West Bengal,BIRBHUM,24.0621532,87.6982823,"Birbhum, West Bengal, India","Birbhum district, West Bengal, India",administrative,state_district,verified_admin
West Bengal,COOCHBEHAR,26.2559197,89.4201143,"Cooch Behar, West Bengal, India","Cooch Behar district, West Bengal, India",administrative,state_district,verified_admin
West Bengal,DARJEELING,26.8361645,88.3058878,"Darjeeling, West Bengal, India","Darjeeling district, West Bengal, India",administrative,state_district,verified_admin
West Bengal,DINAJPUR DAKSHIN,25.385807,88.5063362,"Dakshin Dinajpur, West Bengal, India","Dinajpur Dakshin, West Bengal, India",administrative,state_district,verified_admin
West Bengal,DINAJPUR UTTAR,25.8721428,87.961986,"Uttar Dinajpur, West Bengal, India","Dinajpur Uttar, West Bengal, India",administrative,state_district,verified_admin
West Bengal,HOOGHLY,22.9099402,88.0120825,"Hooghly, West Bengal, India","Hooghly district, West Bengal, India",administrative,state_district,verified_admin
West Bengal,HOWRAH,22.4955651,88.0381478,"Howrah, West Bengal, India","Howrah district, West Bengal, India",administrative,state_district,verified_admin
West Bengal,JALPAIGURI,26.6262805,88.7334485,"Jalpaiguri, West Bengal, India","Jalpaiguri district, West Bengal, India",administrative,state_district,verified_admin
West Bengal,MALDAH,25.0977098,88.1261713,"Maldah, West Bengal, India","Maldah district, West Bengal, India",administrative,state_district,verified_admin
West Bengal,MEDINIPUR EAST,22.0648451,87.8377586,"Purba Medinipur, West Bengal, India","Purba Medinipur district, West Bengal, India",administrative,state_district,verified_admin
West Bengal,MEDINIPUR WEST,22.3600119,87.4111505,"Paschim Medinipur, West Bengal, India","Paschim Medinipur district, West Bengal, India",administrative,state_district,verified_admin
West Bengal,MURSHIDABAD,24.2904032,88.366432,"Murshidabad, West Bengal, India","Murshidabad district, West Bengal, India",administrative,state_district,verified_admin
West Bengal,NADIA,23.4847374,88.5567067,"Nadia, West Bengal, India","Nadia district, West Bengal, India",administrative,state_district,verified_admin
West Bengal,PURULIA,23.2020967,86.3228988,"Purulia, West Bengal, India","Purulia district, West Bengal, India",administrative,state_district,verified_admin
